timestamp,open,high,low,close,volume,symbol
2026-02-18 09:00:00,1.36,1.362,1.357,1.358,18102.897883,DOT/USDT
2026-02-18 10:00:00,1.359,1.363,1.353,1.354,56881.725305,DOT/USDT
2026-02-18 11:00:00,1.354,1.355,1.338,1.346,19842.757653,DOT/USDT
2026-02-18 12:00:00,1.345,1.351,1.342,1.346,37276.439666,DOT/USDT
2026-02-18 13:00:00,1.347,1.349,1.335,1.34,47119.585882,DOT/USDT
2026-02-18 14:00:00,1.34,1.346,1.332,1.343,98245.098206,DOT/USDT
2026-02-18 15:00:00,1.344,1.371,1.343,1.356,62414.700748,DOT/USDT
2026-02-18 16:00:00,1.357,1.357,1.337,1.338,52291.471125,DOT/USDT
2026-02-18 17:00:00,1.339,1.352,1.337,1.338,34866.904181,DOT/USDT
2026-02-18 18:00:00,1.338,1.338,1.317,1.319,103780.095466,DOT/USDT
2026-02-18 19:00:00,1.318,1.324,1.303,1.311,50844.840042,DOT/USDT
2026-02-18 20:00:00,1.311,1.319,1.307,1.311,47468.389606,DOT/USDT
2026-02-18 21:00:00,1.312,1.316,1.307,1.309,18143.95589,DOT/USDT
2026-02-18 22:00:00,1.309,1.311,1.3,1.308,52356.463473,DOT/USDT
2026-02-18 23:00:00,1.308,1.312,1.303,1.311,22831.507609,DOT/USDT
2026-02-19 00:00:00,1.312,1.314,1.306,1.306,29891.632111,DOT/USDT
2026-02-19 01:00:00,1.308,1.32,1.308,1.32,40765.887534,DOT/USDT
2026-02-19 02:00:00,1.321,1.322,1.313,1.316,30221.93503,DOT/USDT
2026-02-19 03:00:00,1.315,1.318,1.311,1.317,52636.133394,DOT/USDT
2026-02-19 04:00:00,1.317,1.321,1.313,1.314,29300.56069,DOT/USDT
2026-02-19 05:00:00,1.315,1.315,1.305,1.309,22203.564188,DOT/USDT
2026-02-19 06:00:00,1.308,1.316,1.308,1.312,13613.918901,DOT/USDT
2026-02-19 07:00:00,1.312,1.315,1.308,1.309,51798.662872,DOT/USDT
2026-02-19 08:00:00,1.31,1.31,1.288,1.295,59697.404505,DOT/USDT
2026-02-19 09:00:00,1.296,1.304,1.295,1.298,58218.782271,DOT/USDT
2026-02-19 10:00:00,1.298,1.299,1.29,1.295,155832.200962,DOT/USDT
2026-02-19 11:00:00,1.295,1.297,1.291,1.292,73982.30095,DOT/USDT
2026-02-19 12:00:00,1.294,1.296,1.289,1.291,30482.043846,DOT/USDT
2026-02-19 13:00:00,1.29,1.29,1.27,1.277,59047.908659,DOT/USDT
2026-02-19 14:00:00,1.277,1.29,1.271,1.285,71349.507807,DOT/USDT
2026-02-19 15:00:00,1.285,1.29,1.269,1.273,51938.573306,DOT/USDT
2026-02-19 16:00:00,1.273,1.277,1.26,1.272,90583.034456,DOT/USDT
2026-02-19 17:00:00,1.272,1.288,1.265,1.273,56787.210254,DOT/USDT
2026-02-19 18:00:00,1.273,1.29,1.272,1.285,81595.118026,DOT/USDT
2026-02-19 19:00:00,1.286,1.286,1.273,1.281,38765.264376,DOT/USDT
2026-02-19 20:00:00,1.282,1.286,1.278,1.282,50926.644293,DOT/USDT
2026-02-19 21:00:00,1.283,1.284,1.279,1.279,23146.627217,DOT/USDT
2026-02-19 22:00:00,1.279,1.285,1.275,1.284,78568.296689,DOT/USDT
2026-02-19 23:00:00,1.285,1.289,1.282,1.286,42726.011387,DOT/USDT
2026-02-20 00:00:00,1.287,1.297,1.284,1.296,66599.391951,DOT/USDT
2026-02-20 01:00:00,1.297,1.297,1.289,1.292,156014.800536,DOT/USDT
2026-02-20 02:00:00,1.293,1.297,1.288,1.289,55334.386883,DOT/USDT
2026-02-20 03:00:00,1.289,1.293,1.286,1.289,25219.457811,DOT/USDT
2026-02-20 04:00:00,1.289,1.289,1.274,1.282,34563.427886,DOT/USDT
2026-02-20 05:00:00,1.283,1.299,1.278,1.293,49055.50064,DOT/USDT
2026-02-20 06:00:00,1.294,1.298,1.29,1.298,29378.772601,DOT/USDT
2026-02-20 07:00:00,1.299,1.301,1.296,1.298,80150.596794,DOT/USDT
2026-02-20 08:00:00,1.3,1.304,1.297,1.301,33772.037745,DOT/USDT
2026-02-20 09:00:00,1.3,1.311,1.3,1.309,36469.10103,DOT/USDT
2026-02-20 10:00:00,1.309,1.316,1.305,1.306,69985.471531,DOT/USDT
2026-02-20 11:00:00,1.307,1.307,1.293,1.298,66646.596381,DOT/USDT
2026-02-20 12:00:00,1.298,1.304,1.296,1.298,74592.588522,DOT/USDT
2026-02-20 13:00:00,1.298,1.301,1.275,1.285,162007.285585,DOT/USDT
2026-02-20 14:00:00,1.284,1.309,1.283,1.302,108501.707534,DOT/USDT
2026-02-20 15:00:00,1.304,1.354,1.304,1.35,196561.641833,DOT/USDT
2026-02-20 16:00:00,1.351,1.363,1.336,1.351,160732.823789,DOT/USDT
2026-02-20 17:00:00,1.351,1.352,1.316,1.351,132366.076361,DOT/USDT
2026-02-20 18:00:00,1.351,1.354,1.334,1.343,96360.957085,DOT/USDT
2026-02-20 19:00:00,1.343,1.346,1.332,1.336,51663.153676,DOT/USDT
2026-02-20 20:00:00,1.336,1.34,1.327,1.335,30078.272758,DOT/USDT
2026-02-20 21:00:00,1.336,1.341,1.334,1.337,23799.549161,DOT/USDT
2026-02-20 22:00:00,1.338,1.344,1.331,1.343,39389.954315,DOT/USDT
2026-02-20 23:00:00,1.343,1.344,1.336,1.343,10054.274363,DOT/USDT
2026-02-21 00:00:00,1.341,1.345,1.329,1.33,14902.868181,DOT/USDT
2026-02-21 01:00:00,1.331,1.334,1.329,1.333,11563.379938,DOT/USDT
2026-02-21 02:00:00,1.334,1.344,1.333,1.342,19264.143301,DOT/USDT
2026-02-21 03:00:00,1.342,1.343,1.334,1.34,32825.082216,DOT/USDT
2026-02-21 04:00:00,1.34,1.346,1.338,1.346,41468.521387,DOT/USDT
2026-02-21 05:00:00,1.347,1.364,1.347,1.361,78451.389248,DOT/USDT
2026-02-21 06:00:00,1.362,1.363,1.349,1.353,37869.646467,DOT/USDT
2026-02-21 07:00:00,1.352,1.356,1.348,1.355,38862.026318,DOT/USDT
2026-02-21 08:00:00,1.356,1.373,1.351,1.372,47779.80919,DOT/USDT
2026-02-21 09:00:00,1.372,1.397,1.372,1.379,100177.280096,DOT/USDT
2026-02-21 10:00:00,1.38,1.396,1.38,1.388,101296.947765,DOT/USDT
2026-02-21 11:00:00,1.386,1.397,1.384,1.385,66319.341518,DOT/USDT
2026-02-21 12:00:00,1.385,1.394,1.372,1.376,80014.236711,DOT/USDT
2026-02-21 13:00:00,1.376,1.383,1.375,1.383,63370.521709,DOT/USDT
2026-02-21 14:00:00,1.383,1.392,1.376,1.376,108943.104207,DOT/USDT
2026-02-21 15:00:00,1.377,1.379,1.371,1.373,27748.284423,DOT/USDT
2026-02-21 16:00:00,1.373,1.374,1.359,1.359,43450.109151,DOT/USDT
2026-02-21 17:00:00,1.359,1.364,1.357,1.361,19545.719346,DOT/USDT
2026-02-21 18:00:00,1.362,1.366,1.36,1.366,21535.796743,DOT/USDT
2026-02-21 19:00:00,1.367,1.368,1.361,1.363,16835.314517,DOT/USDT
2026-02-21 20:00:00,1.363,1.365,1.353,1.354,24350.19282,DOT/USDT
2026-02-21 21:00:00,1.354,1.362,1.353,1.361,10655.478198,DOT/USDT
2026-02-21 22:00:00,1.361,1.362,1.357,1.358,27814.028894,DOT/USDT
2026-02-21 23:00:00,1.358,1.362,1.356,1.359,40668.112689,DOT/USDT
2026-02-22 00:00:00,1.359,1.363,1.354,1.36,22591.126697,DOT/USDT
2026-02-22 01:00:00,1.361,1.364,1.359,1.363,23540.950917,DOT/USDT
2026-02-22 02:00:00,1.363,1.366,1.348,1.349,38357.968178,DOT/USDT
2026-02-22 03:00:00,1.35,1.356,1.346,1.355,59910.013243,DOT/USDT
2026-02-22 04:00:00,1.355,1.356,1.343,1.346,59372.717885,DOT/USDT
2026-02-22 05:00:00,1.346,1.347,1.335,1.338,74653.439608,DOT/USDT
2026-02-22 06:00:00,1.339,1.342,1.334,1.34,71085.685912,DOT/USDT
2026-02-22 07:00:00,1.341,1.345,1.34,1.343,40872.768143,DOT/USDT
2026-02-22 08:00:00,1.343,1.343,1.324,1.326,24643.378478,DOT/USDT
2026-02-22 09:00:00,1.325,1.336,1.325,1.335,19612.265758,DOT/USDT
2026-02-22 10:00:00,1.335,1.341,1.334,1.339,14424.815184,DOT/USDT
2026-02-22 11:00:00,1.34,1.342,1.33,1.334,20920.812451,DOT/USDT
2026-02-22 12:00:00,1.334,1.334,1.319,1.323,56360.752365,DOT/USDT
2026-02-22 13:00:00,1.323,1.324,1.317,1.32,25932.440068,DOT/USDT
2026-02-22 14:00:00,1.321,1.322,1.311,1.316,32681.103437,DOT/USDT
2026-02-22 15:00:00,1.315,1.323,1.309,1.321,28378.111702,DOT/USDT
2026-02-22 16:00:00,1.32,1.321,1.314,1.32,19099.352299,DOT/USDT
2026-02-22 17:00:00,1.321,1.322,1.307,1.314,34704.578509,DOT/USDT
2026-02-22 18:00:00,1.313,1.314,1.306,1.313,22573.851216,DOT/USDT
2026-02-22 19:00:00,1.314,1.314,1.305,1.312,45644.517418,DOT/USDT
2026-02-22 20:00:00,1.312,1.313,1.303,1.305,86563.84628,DOT/USDT
2026-02-22 21:00:00,1.306,1.31,1.303,1.31,38237.410751,DOT/USDT
2026-02-22 22:00:00,1.31,1.316,1.308,1.314,40841.361419,DOT/USDT
2026-02-22 23:00:00,1.314,1.315,1.305,1.312,114056.71826,DOT/USDT
2026-02-23 00:00:00,1.313,1.313,1.289,1.29,163762.487584,DOT/USDT
2026-02-23 01:00:00,1.291,1.291,1.238,1.243,537661.917709,DOT/USDT
2026-02-23 02:00:00,1.243,1.254,1.239,1.25,91666.0887,DOT/USDT
2026-02-23 03:00:00,1.251,1.261,1.247,1.257,85094.394881,DOT/USDT
2026-02-23 04:00:00,1.257,1.258,1.248,1.251,32166.657464,DOT/USDT
2026-02-23 05:00:00,1.251,1.261,1.25,1.255,95032.115925,DOT/USDT
2026-02-23 06:00:00,1.255,1.275,1.254,1.274,73068.808191,DOT/USDT
2026-02-23 07:00:00,1.273,1.278,1.269,1.272,55559.615347,DOT/USDT
2026-02-23 08:00:00,1.271,1.276,1.269,1.272,97037.648482,DOT/USDT
2026-02-23 09:00:00,1.273,1.298,1.273,1.295,71743.513467,DOT/USDT
2026-02-23 10:00:00,1.296,1.297,1.288,1.291,36156.479447,DOT/USDT
2026-02-23 11:00:00,1.291,1.3,1.288,1.295,44100.977087,DOT/USDT
2026-02-23 12:00:00,1.295,1.313,1.292,1.307,88368.529342,DOT/USDT
2026-02-23 13:00:00,1.307,1.31,1.299,1.302,86701.338846,DOT/USDT
2026-02-23 14:00:00,1.302,1.311,1.288,1.293,193069.513556,DOT/USDT
2026-02-23 15:00:00,1.294,1.295,1.279,1.281,93630.486539,DOT/USDT
2026-02-23 16:00:00,1.281,1.283,1.271,1.273,73914.985073,DOT/USDT
2026-02-23 17:00:00,1.274,1.277,1.255,1.27,100393.209928,DOT/USDT
2026-02-23 18:00:00,1.269,1.282,1.267,1.268,57602.051572,DOT/USDT
2026-02-23 19:00:00,1.268,1.27,1.258,1.259,34702.123101,DOT/USDT
2026-02-23 20:00:00,1.259,1.269,1.255,1.269,29784.023097,DOT/USDT
2026-02-23 21:00:00,1.269,1.274,1.267,1.269,41446.096644,DOT/USDT
2026-02-23 22:00:00,1.27,1.279,1.269,1.269,59117.209746,DOT/USDT
2026-02-23 23:00:00,1.269,1.274,1.264,1.265,28174.843936,DOT/USDT
2026-02-24 00:00:00,1.265,1.279,1.265,1.276,36103.7036,DOT/USDT
2026-02-24 01:00:00,1.276,1.277,1.249,1.269,123307.986507,DOT/USDT
2026-02-24 02:00:00,1.269,1.275,1.264,1.264,54594.369622,DOT/USDT
2026-02-24 03:00:00,1.264,1.264,1.252,1.256,38688.925807,DOT/USDT
2026-02-24 04:00:00,1.257,1.259,1.244,1.251,59244.048835,DOT/USDT
2026-02-24 05:00:00,1.251,1.257,1.242,1.248,57803.369595,DOT/USDT
2026-02-24 06:00:00,1.249,1.253,1.242,1.243,46611.518533,DOT/USDT
2026-02-24 07:00:00,1.244,1.252,1.242,1.251,48337.860047,DOT/USDT
2026-02-24 08:00:00,1.251,1.261,1.246,1.256,45013.440882,DOT/USDT
2026-02-24 09:00:00,1.257,1.257,1.237,1.243,42571.467418,DOT/USDT
2026-02-24 10:00:00,1.243,1.245,1.239,1.243,37751.865204,DOT/USDT
2026-02-24 11:00:00,1.243,1.245,1.241,1.245,28341.708627,DOT/USDT
2026-02-24 12:00:00,1.246,1.246,1.235,1.237,50263.533708,DOT/USDT
2026-02-24 13:00:00,1.238,1.241,1.226,1.234,133947.205424,DOT/USDT
2026-02-24 14:00:00,1.233,1.25,1.228,1.244,147609.234355,DOT/USDT
2026-02-24 15:00:00,1.244,1.254,1.24,1.248,163635.110341,DOT/USDT
2026-02-24 16:00:00,1.249,1.262,1.247,1.257,150384.692039,DOT/USDT
2026-02-24 17:00:00,1.257,1.258,1.25,1.252,113937.738911,DOT/USDT
2026-02-24 18:00:00,1.251,1.257,1.244,1.251,66162.462811,DOT/USDT
2026-02-24 19:00:00,1.25,1.255,1.245,1.248,33717.671563,DOT/USDT
2026-02-24 20:00:00,1.247,1.251,1.243,1.244,70388.224444,DOT/USDT
2026-02-24 21:00:00,1.245,1.245,1.237,1.24,29632.013839,DOT/USDT
2026-02-24 22:00:00,1.239,1.245,1.237,1.242,71802.557589,DOT/USDT
2026-02-24 23:00:00,1.242,1.245,1.234,1.238,62933.746615,DOT/USDT
2026-02-25 00:00:00,1.239,1.24,1.236,1.24,27063.424015,DOT/USDT
