timestamp,open,high,low,close,volume,vol_ccy,symbol
2026-01-31 17:00:00,2482.8,2495.21,2359.0,2403.05,69862.620534,169316307.3700615,ETH-USDT
2026-01-31 18:00:00,2403.0,2417.25,2240.2,2380.64,105592.464822,247518303.03922256,ETH-USDT
2026-01-31 19:00:00,2380.68,2433.66,2372.48,2382.73,47217.370858,113261958.0026597,ETH-USDT
2026-01-31 20:00:00,2382.81,2407.93,2354.1,2382.38,18231.384653,43309439.40683218,ETH-USDT
2026-01-31 21:00:00,2382.37,2424.17,2373.03,2419.48,14509.516254,34827116.64395725,ETH-USDT
2026-01-31 22:00:00,2419.69,2425.95,2406.28,2419.06,7105.623971,17171158.76700875,ETH-USDT
2026-01-31 23:00:00,2419.23,2473.92,2416.76,2452.2,17004.751625,41640447.29871156,ETH-USDT
2026-02-01 00:00:00,2451.95,2476.3,2446.05,2452.19,9602.966785,23632257.75014089,ETH-USDT
2026-02-01 01:00:00,2452.16,2455.85,2429.03,2444.64,8217.435752,20055460.27021121,ETH-USDT
2026-02-01 02:00:00,2444.64,2461.73,2440.28,2452.61,4231.92595,10371141.0370387,ETH-USDT
2026-02-01 03:00:00,2452.8,2456.69,2438.17,2445.62,3204.864869,7833475.13456811,ETH-USDT
2026-02-01 04:00:00,2445.56,2454.95,2441.56,2448.31,5000.39475,12251160.74395414,ETH-USDT
2026-02-01 05:00:00,2448.31,2449.46,2424.3,2430.91,7251.409651,17672615.44185085,ETH-USDT
2026-02-01 06:00:00,2430.9,2440.37,2408.37,2418.6,7556.297642,18303153.34939197,ETH-USDT
2026-02-01 07:00:00,2418.61,2438.85,2393.62,2411.61,14331.950833,34583221.24177496,ETH-USDT
2026-02-01 08:00:00,2411.6,2428.87,2396.65,2413.15,10202.447577,24606810.62034444,ETH-USDT
2026-02-01 09:00:00,2413.16,2437.9,2406.81,2432.42,4663.282973,11287425.39679124,ETH-USDT
2026-02-01 10:00:00,2432.45,2439.15,2376.48,2381.01,11864.05382,28534710.90014318,ETH-USDT
2026-02-01 11:00:00,2381.01,2423.93,2381.01,2412.04,6806.878489,16370159.26890479,ETH-USDT
2026-02-01 12:00:00,2412.05,2412.65,2383.42,2395.79,9750.150187,23373975.9184608,ETH-USDT
2026-02-01 13:00:00,2395.8,2410.34,2369.68,2381.05,10305.007318,24635733.43378312,ETH-USDT
2026-02-01 14:00:00,2381.07,2389.45,2327.4,2373.38,36490.311898,85985686.87579764,ETH-USDT
2026-02-01 15:00:00,2373.11,2373.49,2286.58,2315.85,41459.736139,96123845.24004773,ETH-USDT
2026-02-01 16:00:00,2315.89,2333.93,2284.0,2304.4,19336.550773,44670499.29297813,ETH-USDT
2026-02-01 17:00:00,2304.4,2322.1,2297.27,2314.63,15969.115417,36846624.11642132,ETH-USDT
2026-02-01 18:00:00,2314.52,2378.71,2313.78,2351.2,17640.683972,41476522.9342667,ETH-USDT
2026-02-01 19:00:00,2351.2,2357.02,2306.65,2320.62,9911.284219,23090434.76153195,ETH-USDT
2026-02-01 20:00:00,2320.62,2349.65,2298.89,2316.28,16917.842448,39308818.14917683,ETH-USDT
2026-02-01 21:00:00,2316.27,2319.82,2278.73,2290.9,13721.307,31556591.04146559,ETH-USDT
2026-02-01 22:00:00,2290.92,2335.22,2287.22,2318.99,11895.266153,27525299.85459363,ETH-USDT
2026-02-01 23:00:00,2319.09,2321.73,2220.0,2270.47,46815.202427,105691089.53948135,ETH-USDT
2026-02-02 00:00:00,2270.48,2324.49,2242.71,2293.14,18177.768727,41759813.69701502,ETH-USDT
2026-02-02 01:00:00,2293.25,2318.56,2250.41,2291.46,13811.962649,31631771.15941605,ETH-USDT
2026-02-02 02:00:00,2291.43,2300.97,2260.0,2262.58,8500.022803,19389357.22276932,ETH-USDT
2026-02-02 03:00:00,2262.59,2268.27,2165.79,2238.56,64533.450786,142199580.58154011,ETH-USDT
2026-02-02 04:00:00,2238.91,2268.4,2207.75,2240.57,19265.174304,43123384.79700508,ETH-USDT
2026-02-02 05:00:00,2240.57,2243.06,2184.57,2198.21,30645.961332,67594798.218189,ETH-USDT
2026-02-02 06:00:00,2198.24,2241.01,2156.97,2227.48,39100.114771,85975992.0283854,ETH-USDT
2026-02-02 07:00:00,2227.49,2253.89,2217.66,2228.87,17502.791159,39094471.83375872,ETH-USDT
2026-02-02 08:00:00,2228.68,2258.93,2227.42,2249.41,13936.537553,31296693.322913,ETH-USDT
2026-02-02 09:00:00,2249.41,2319.52,2237.84,2291.59,31594.110269,72024642.23266718,ETH-USDT
2026-02-02 10:00:00,2291.55,2299.77,2274.05,2278.11,11343.833757,25937231.29112983,ETH-USDT
2026-02-02 11:00:00,2278.11,2298.12,2273.0,2282.3,12258.195436,28023004.81482245,ETH-USDT
2026-02-02 12:00:00,2282.35,2318.25,2282.2,2311.89,15414.669961,35543797.48766165,ETH-USDT
2026-02-02 13:00:00,2311.87,2336.02,2302.16,2328.01,13299.213517,30832320.23922059,ETH-USDT
2026-02-02 14:00:00,2328.0,2368.64,2299.22,2328.69,39900.784268,93155923.85790083,ETH-USDT
2026-02-02 15:00:00,2328.84,2396.78,2318.04,2372.66,33133.391815,78290716.61979597,ETH-USDT
2026-02-02 16:00:00,2372.71,2387.89,2350.0,2358.99,18129.516667,42991660.86483177,ETH-USDT
2026-02-02 17:00:00,2358.99,2381.69,2341.04,2356.6,12943.225116,30598263.77956465,ETH-USDT
2026-02-02 18:00:00,2356.56,2359.85,2333.8,2344.67,9548.275319,22405207.75125991,ETH-USDT
2026-02-02 19:00:00,2344.65,2350.74,2327.65,2331.11,8262.897195,19333196.95825937,ETH-USDT
2026-02-02 20:00:00,2331.1,2341.62,2312.24,2321.38,10370.996413,24112960.66848008,ETH-USDT
2026-02-02 21:00:00,2321.71,2345.17,2319.0,2341.92,3740.175544,8735502.81809855,ETH-USDT
2026-02-02 22:00:00,2341.92,2354.7,2335.78,2351.11,3026.983314,7102904.89238264,ETH-USDT
2026-02-02 23:00:00,2351.14,2356.1,2339.79,2347.0,3040.420036,7142633.92258977,ETH-USDT
2026-02-03 00:00:00,2346.99,2355.54,2325.17,2354.04,5379.659116,12594152.27529598,ETH-USDT
2026-02-03 01:00:00,2354.04,2359.78,2337.81,2354.62,2876.592271,6756740.21897817,ETH-USDT
2026-02-03 02:00:00,2354.63,2355.07,2297.15,2298.7,8781.494389,20366263.93168543,ETH-USDT
2026-02-03 03:00:00,2298.61,2345.15,2284.0,2343.9,15947.748167,36879859.46983312,ETH-USDT
2026-02-03 04:00:00,2343.81,2355.76,2333.36,2345.84,5067.298811,11879767.54327248,ETH-USDT
2026-02-03 05:00:00,2345.84,2346.2,2315.12,2316.52,4862.463782,11318234.18511827,ETH-USDT
2026-02-03 06:00:00,2316.5,2328.74,2297.9,2320.41,9929.262002,22962726.45097218,ETH-USDT
2026-02-03 07:00:00,2320.41,2333.78,2312.79,2323.14,10078.544876,23430615.37767734,ETH-USDT
2026-02-03 08:00:00,2323.15,2332.99,2308.86,2315.77,8573.048189,19901706.98764073,ETH-USDT
2026-02-03 09:00:00,2315.76,2318.9,2261.78,2292.17,21700.353724,49658066.20204052,ETH-USDT
2026-02-03 10:00:00,2292.17,2299.75,2276.41,2281.83,6117.266572,13987725.8198873,ETH-USDT
2026-02-03 11:00:00,2281.84,2288.43,2270.27,2276.56,6802.58065,15513688.55057206,ETH-USDT
2026-02-03 12:00:00,2276.65,2306.0,2272.23,2301.51,6179.754499,14171573.59140342,ETH-USDT
2026-02-03 13:00:00,2301.5,2317.51,2296.25,2312.3,6403.682362,14753092.02614155,ETH-USDT
2026-02-03 14:00:00,2312.5,2317.14,2254.63,2257.17,15621.146494,35755863.4800456,ETH-USDT
2026-02-03 15:00:00,2257.16,2314.0,2252.0,2303.32,23330.207789,53358205.53365417,ETH-USDT
2026-02-03 16:00:00,2303.36,2303.9,2235.83,2241.14,27663.907002,62476463.75120131,ETH-USDT
2026-02-03 17:00:00,2241.13,2244.79,2194.0,2195.0,19753.818944,43827936.47325111,ETH-USDT
2026-02-03 18:00:00,2195.46,2207.65,2108.0,2120.66,62354.135497,134031355.7047837,ETH-USDT
2026-02-03 19:00:00,2120.66,2218.77,2112.36,2205.75,33855.873773,73717618.66928021,ETH-USDT
2026-02-03 20:00:00,2205.71,2345.0,2188.12,2299.56,42347.619388,96471945.77228782,ETH-USDT
2026-02-03 21:00:00,2299.95,2337.33,2279.32,2283.99,12251.648984,28304956.29714481,ETH-USDT
2026-02-03 22:00:00,2284.0,2286.4,2228.8,2236.64,10712.710596,24173209.42493053,ETH-USDT
2026-02-03 23:00:00,2236.61,2248.7,2212.66,2233.81,9782.787279,21816749.36957818,ETH-USDT
2026-02-04 00:00:00,2233.81,2256.94,2223.83,2241.24,7765.277223,17385621.4954079,ETH-USDT
2026-02-04 01:00:00,2241.25,2282.19,2241.25,2268.71,6420.239815,14562082.51559456,ETH-USDT
2026-02-04 02:00:00,2268.61,2276.89,2242.62,2252.11,4783.649706,10816159.70076054,ETH-USDT
2026-02-04 03:00:00,2252.0,2295.8,2248.82,2283.49,10472.704827,23859295.8057986,ETH-USDT
2026-02-04 04:00:00,2283.49,2290.0,2270.46,2273.6,5826.586921,13264533.74630047,ETH-USDT
2026-02-04 05:00:00,2273.6,2280.31,2256.03,2265.48,5210.851213,11823640.41611791,ETH-USDT
2026-02-04 06:00:00,2265.24,2284.47,2258.36,2277.45,8491.490621,19317721.37260788,ETH-USDT
2026-02-04 07:00:00,2277.46,2293.27,2263.91,2283.95,10582.34046,24131825.13655644,ETH-USDT
2026-02-04 08:00:00,2283.94,2286.72,2266.77,2280.07,4273.204552,9727970.75135934,ETH-USDT
2026-02-04 09:00:00,2280.05,2280.05,2251.55,2261.1,5454.477378,12339775.2813993,ETH-USDT
2026-02-04 10:00:00,2261.1,2264.58,2250.63,2260.92,3883.374115,8769696.72148642,ETH-USDT
2026-02-04 11:00:00,2260.91,2268.7,2226.36,2254.88,16471.914734,36934356.2214759,ETH-USDT
2026-02-04 12:00:00,2254.94,2263.32,2231.73,2243.65,8299.137415,18646894.03188275,ETH-USDT
2026-02-04 13:00:00,2244.2,2246.27,2197.51,2198.6,12712.905213,28201474.51443967,ETH-USDT
2026-02-04 14:00:00,2198.56,2227.27,2164.94,2172.06,24582.827258,54071520.12524434,ETH-USDT
2026-02-04 15:00:00,2172.25,2197.69,2136.7,2151.96,31698.517465,68658163.03326951,ETH-USDT
2026-02-04 16:00:00,2152.01,2161.21,2105.44,2135.42,34914.781942,74255662.60883257,ETH-USDT
2026-02-04 17:00:00,2135.41,2155.17,2093.51,2126.41,33934.180226,71901189.34121489,ETH-USDT
2026-02-04 18:00:00,2126.26,2186.77,2076.88,2148.16,59399.971239,126496838.67071627,ETH-USDT
2026-02-04 19:00:00,2148.14,2197.03,2133.63,2188.46,35507.075898,76622101.77326128,ETH-USDT
2026-02-04 20:00:00,2188.51,2193.13,2162.13,2172.25,9115.449416,19815817.56454263,ETH-USDT
2026-02-04 21:00:00,2172.24,2181.16,2108.6,2129.82,15165.765934,32456558.26742291,ETH-USDT
2026-02-04 22:00:00,2129.8,2168.73,2087.69,2120.46,17701.254101,37701985.39366686,ETH-USDT
2026-02-04 23:00:00,2120.28,2166.0,2115.55,2148.11,13080.68494,28084037.63466682,ETH-USDT
2026-02-05 00:00:00,2148.1,2164.64,2136.8,2150.05,5819.923457,12513777.00874248,ETH-USDT
2026-02-05 01:00:00,2150.15,2174.62,2123.15,2148.68,10796.724445,23237612.01912743,ETH-USDT
2026-02-05 02:00:00,2148.61,2163.67,2113.25,2123.62,14501.396716,31019858.6698728,ETH-USDT
2026-02-05 03:00:00,2124.39,2136.83,2098.55,2110.19,14030.047436,29706562.30483009,ETH-USDT
2026-02-05 04:00:00,2110.15,2125.7,2078.76,2103.95,21587.161881,45367428.58858874,ETH-USDT
2026-02-05 05:00:00,2103.91,2124.57,2077.83,2101.69,20700.155949,43487956.49376438,ETH-USDT
2026-02-05 06:00:00,2101.7,2107.9,2068.0,2087.71,18899.459102,39406840.68111158,ETH-USDT
2026-02-05 07:00:00,2087.7,2124.44,2086.0,2091.89,18319.587123,38605552.3078577,ETH-USDT
2026-02-05 08:00:00,2091.9,2121.39,2091.7,2112.03,10310.855681,21740012.16798877,ETH-USDT
2026-02-05 09:00:00,2112.04,2149.99,2111.21,2133.62,16109.522187,34394799.47418242,ETH-USDT
2026-02-05 10:00:00,2133.63,2140.55,2086.54,2097.95,13331.36933,28202727.53128818,ETH-USDT
2026-02-05 11:00:00,2097.95,2105.47,2062.01,2079.88,31574.111763,65601301.95139656,ETH-USDT
2026-02-05 12:00:00,2079.91,2094.36,2042.79,2063.91,26581.609423,54902122.86879325,ETH-USDT
2026-02-05 13:00:00,2063.99,2081.61,2049.19,2058.76,18467.878848,38042172.39011569,ETH-USDT
2026-02-05 14:00:00,2058.77,2106.84,2042.68,2047.07,25318.827234,52544721.88161274,ETH-USDT
2026-02-05 15:00:00,2046.65,2054.86,1926.97,1961.0,111680.797252,220436868.28057374,ETH-USDT
2026-02-05 16:00:00,1961.01,2018.28,1944.39,1998.7,48534.338927,95905550.75127625,ETH-USDT
2026-02-05 17:00:00,1998.75,2001.99,1942.85,1954.8,30110.654175,59277572.68723212,ETH-USDT
2026-02-05 18:00:00,1954.6,1968.85,1913.47,1949.92,30648.358542,59462392.96348202,ETH-USDT
2026-02-05 19:00:00,1950.12,1953.24,1918.0,1928.77,12633.427748,24447111.21193246,ETH-USDT
2026-02-05 20:00:00,1928.92,1942.89,1824.71,1869.6,88576.85092,165565377.33179666,ETH-USDT
2026-02-05 21:00:00,1869.81,1912.74,1840.21,1850.6,49931.337839,93763027.5511268,ETH-USDT
2026-02-05 22:00:00,1850.41,1890.0,1816.15,1870.5,34459.379573,63872781.73896681,ETH-USDT
2026-02-05 23:00:00,1870.5,1907.52,1820.23,1826.71,39471.829504,73493167.49838878,ETH-USDT
2026-02-06 00:00:00,1826.7,1892.99,1744.0,1870.9,135972.661734,245899501.12069303,ETH-USDT
2026-02-06 01:00:00,1870.88,1940.44,1870.41,1932.1,45600.274223,86910898.50889115,ETH-USDT
2026-02-06 02:00:00,1932.09,1947.98,1890.88,1907.6,21231.660923,40703627.57167232,ETH-USDT
2026-02-06 03:00:00,1907.81,1917.53,1879.43,1892.1,17532.390901,33227854.90517086,ETH-USDT
2026-02-06 04:00:00,1892.1,1918.3,1886.19,1909.51,13086.899428,24943857.02927148,ETH-USDT
2026-02-06 05:00:00,1909.2,1975.91,1906.8,1958.77,20798.17469,40363932.02758141,ETH-USDT
2026-02-06 06:00:00,1958.84,1967.45,1907.0,1909.21,23578.372493,45566814.48220173,ETH-USDT
2026-02-06 07:00:00,1908.8,1915.66,1887.35,1899.9,23061.723402,43855437.29040182,ETH-USDT
2026-02-06 08:00:00,1899.71,1907.43,1866.73,1875.09,26618.941898,50130383.72641868,ETH-USDT
2026-02-06 09:00:00,1875.1,1929.46,1871.62,1919.36,20810.866704,39559877.44843866,ETH-USDT
2026-02-06 10:00:00,1919.36,1937.17,1910.2,1926.99,14179.017996,27285451.24756277,ETH-USDT
2026-02-06 11:00:00,1926.95,1939.83,1920.01,1933.2,8897.35913,17171472.1003608,ETH-USDT
2026-02-06 12:00:00,1932.8,1932.8,1915.05,1921.46,7579.89059,14569560.16084364,ETH-USDT
2026-02-06 13:00:00,1921.46,1962.99,1919.61,1950.24,17114.016525,33303179.71533374,ETH-USDT
2026-02-06 14:00:00,1950.24,2003.79,1933.34,1979.0,34254.081899,67513521.29606849,ETH-USDT
2026-02-06 15:00:00,1979.0,1997.89,1961.12,1980.66,23784.912845,47052473.72706517,ETH-USDT
2026-02-06 16:00:00,1980.66,2048.19,1971.52,2036.31,37060.344657,74869508.40513233,ETH-USDT
2026-02-06 17:00:00,2036.31,2091.0,2027.76,2067.41,32252.490834,66543277.8492877,ETH-USDT
2026-02-06 18:00:00,2067.41,2070.57,2030.5,2045.0,19587.052259,40083348.66928085,ETH-USDT
2026-02-06 19:00:00,2045.01,2072.49,2033.67,2066.11,12750.582701,26194063.3600238,ETH-USDT
2026-02-06 20:00:00,2066.11,2094.57,2044.1,2054.02,24290.484957,50221377.47821892,ETH-USDT
2026-02-06 21:00:00,2054.24,2062.24,2041.98,2054.25,8598.487142,17652601.06981762,ETH-USDT
2026-02-06 22:00:00,2054.3,2085.88,2046.31,2075.26,11123.100148,23009105.84667387,ETH-USDT
2026-02-06 23:00:00,2075.25,2087.95,2050.4,2063.3,9866.930702,20401543.20996572,ETH-USDT
2026-02-07 00:00:00,2063.41,2064.58,2037.15,2043.5,13607.728238,27879553.48384476,ETH-USDT
2026-02-07 01:00:00,2043.63,2066.8,2033.0,2062.0,11937.514961,24492827.78655022,ETH-USDT
2026-02-07 02:00:00,2062.0,2065.4,2048.87,2059.47,11216.206047,23084631.58443143,ETH-USDT
2026-02-07 03:00:00,2059.46,2086.35,2058.44,2080.94,13906.210914,28842357.74845354,ETH-USDT
2026-02-07 04:00:00,2080.93,2119.79,2079.0,2087.17,19541.402609,40988533.67464095,ETH-USDT
2026-02-07 05:00:00,2087.17,2103.97,2077.96,2083.87,6737.977836,14089933.99472203,ETH-USDT
2026-02-07 06:00:00,2083.86,2093.33,2047.21,2047.81,10112.997782,20954500.78478567,ETH-USDT
2026-02-07 07:00:00,2047.91,2055.98,1993.61,2027.03,38123.908547,76987158.25116226,ETH-USDT
2026-02-07 08:00:00,2027.19,2032.52,2015.39,2019.29,8537.147444,17281441.91414157,ETH-USDT
2026-02-07 09:00:00,2019.3,2030.0,2005.24,2014.63,5868.578417,11827916.18612193,ETH-USDT
2026-02-07 10:00:00,2014.62,2019.8,1999.91,2010.91,5812.449746,11674963.56495525,ETH-USDT
2026-02-07 11:00:00,2010.71,2021.97,2007.0,2018.92,4359.371166,8775260.1986619,ETH-USDT
2026-02-07 12:00:00,2018.93,2076.13,2017.08,2041.61,28017.986868,57452408.8466716,ETH-USDT
2026-02-07 13:00:00,2041.75,2051.34,2028.58,2041.99,8918.164624,18200359.81757026,ETH-USDT
2026-02-07 14:00:00,2041.99,2050.0,2009.41,2020.55,12327.855891,25042036.34622013,ETH-USDT
2026-02-07 15:00:00,2020.55,2064.27,2014.51,2052.58,9657.248713,19727412.28396131,ETH-USDT
2026-02-07 16:00:00,2052.58,2125.0,2006.88,2050.58,228955.901396,471648732.67992907,ETH-USDT
2026-02-07 17:00:00,2050.4,2073.26,2032.2,2061.03,10283.447067,21103732.94160934,ETH-USDT
2026-02-07 18:00:00,2061.03,2109.77,2058.57,2096.92,17544.057532,36658024.81448081,ETH-USDT
2026-02-07 19:00:00,2097.0,2101.1,2083.78,2091.36,3562.445203,7455473.1691285,ETH-USDT
2026-02-07 20:00:00,2091.21,2115.0,2084.44,2105.17,6055.059925,12731341.39783604,ETH-USDT
2026-02-07 21:00:00,2105.17,2110.83,2097.68,2100.53,5155.287809,10845315.71562601,ETH-USDT
2026-02-07 22:00:00,2100.62,2107.5,2087.21,2088.9,2307.605718,4838570.6354502,ETH-USDT
2026-02-07 23:00:00,2089.03,2095.7,2071.53,2087.31,5912.360751,12320548.22280902,ETH-USDT
2026-02-08 00:00:00,2087.34,2094.8,2076.83,2084.28,3201.572895,6671048.97515536,ETH-USDT
2026-02-08 01:00:00,2084.35,2098.12,2082.39,2096.2,5237.907121,10953881.58270785,ETH-USDT
2026-02-08 02:00:00,2096.23,2107.66,2082.36,2089.2,5441.964769,11404682.30574852,ETH-USDT
2026-02-08 03:00:00,2089.25,2093.38,2077.15,2078.84,3466.547646,7230888.65139457,ETH-USDT
2026-02-08 04:00:00,2078.85,2089.1,2066.23,2087.76,4998.392369,10387143.64046183,ETH-USDT
2026-02-08 05:00:00,2087.76,2088.67,2078.61,2084.75,2653.035258,5529060.16095481,ETH-USDT
2026-02-08 06:00:00,2084.75,2089.0,2077.07,2079.41,3122.50601,6503240.70106362,ETH-USDT
2026-02-08 07:00:00,2079.55,2084.6,2068.33,2084.58,5886.418562,12218054.56488518,ETH-USDT
2026-02-08 08:00:00,2084.58,2125.22,2078.16,2115.8,15129.698873,31872795.16467789,ETH-USDT
2026-02-08 09:00:00,2115.96,2123.27,2095.22,2100.4,6265.028354,13206208.45237222,ETH-USDT
2026-02-08 10:00:00,2100.5,2114.3,2083.91,2096.08,7684.167411,16107887.62146073,ETH-USDT
2026-02-08 11:00:00,2096.1,2138.0,2094.23,2132.15,12499.62302,26536665.32362502,ETH-USDT
2026-02-08 12:00:00,2132.16,2145.72,2125.69,2131.43,9777.917077,20848418.12928432,ETH-USDT
2026-02-08 13:00:00,2131.43,2141.47,2117.39,2126.65,9798.36754,20854496.61282998,ETH-USDT
2026-02-08 14:00:00,2126.64,2129.6,2116.0,2128.93,4993.009465,10596240.20295388,ETH-USDT
2026-02-08 15:00:00,2128.99,2130.98,2097.17,2108.61,10372.298599,21929375.38350547,ETH-USDT
2026-02-08 16:00:00,2108.64,2116.47,2072.86,2081.21,8475.965141,17770396.22212586,ETH-USDT
2026-02-08 17:00:00,2081.02,2099.34,2080.27,2092.28,5081.663173,10621769.23415161,ETH-USDT
2026-02-08 18:00:00,2092.35,2122.72,2090.69,2109.5,6755.17396,14241070.29616488,ETH-USDT
2026-02-08 19:00:00,2109.31,2129.71,2107.71,2126.74,3141.909649,6652420.28322669,ETH-USDT
2026-02-08 20:00:00,2127.0,2127.4,2100.21,2104.66,3207.11575,6775287.58690251,ETH-USDT
2026-02-08 21:00:00,2104.65,2115.22,2090.0,2094.0,4390.733745,9232779.05678719,ETH-USDT
2026-02-08 22:00:00,2094.01,2112.5,2093.75,2108.61,3228.069022,6781683.91096866,ETH-USDT
2026-02-08 23:00:00,2108.69,2152.46,2071.37,2090.01,16110.70635,33957672.6705123,ETH-USDT
2026-02-09 00:00:00,2090.0,2097.29,2076.3,2084.4,5280.919802,11021234.27931721,ETH-USDT
2026-02-09 01:00:00,2084.31,2101.23,2054.19,2071.0,13914.68658,28833991.77285867,ETH-USDT
2026-02-09 02:00:00,2071.0,2095.55,2065.82,2081.65,6247.760276,13003568.03977575,ETH-USDT
2026-02-09 03:00:00,2081.65,2103.43,2081.36,2100.01,5165.690204,10805512.24760623,ETH-USDT
2026-02-09 04:00:00,2100.0,2101.79,2086.66,2090.46,4072.306601,8522622.5845306,ETH-USDT
2026-02-09 05:00:00,2090.45,2097.31,2083.68,2095.78,3695.088069,7723952.31494957,ETH-USDT
2026-02-09 06:00:00,2095.99,2095.99,2072.63,2081.7,5632.51329,11720033.36247908,ETH-USDT
2026-02-09 07:00:00,2081.69,2087.87,2065.06,2065.9,7371.957313,15287788.34078583,ETH-USDT
2026-02-09 08:00:00,2065.9,2070.43,2034.67,2050.04,14176.775364,29103451.54251464,ETH-USDT
2026-02-09 09:00:00,2049.99,2058.52,2034.67,2042.35,6397.040633,13085713.05965459,ETH-USDT
2026-02-09 10:00:00,2042.34,2047.56,2013.66,2022.76,12806.49228,25939737.64767539,ETH-USDT
2026-02-09 11:00:00,2022.83,2036.8,2020.84,2028.3,7967.148633,16159835.82579534,ETH-USDT
2026-02-09 12:00:00,2028.31,2039.36,2027.42,2035.74,4059.698109,8260125.11688613,ETH-USDT
2026-02-09 13:00:00,2035.74,2050.34,2022.66,2022.76,5568.828781,11357409.97164706,ETH-USDT
2026-02-09 14:00:00,2022.76,2050.21,2009.0,2043.69,18117.352554,36761042.53309367,ETH-USDT
2026-02-09 15:00:00,2043.7,2073.8,2032.6,2061.7,13792.736575,28353238.3669792,ETH-USDT
2026-02-09 16:00:00,2061.56,2109.87,2047.66,2091.19,13274.772334,27651428.5995179,ETH-USDT
2026-02-09 17:00:00,2091.11,2138.0,2077.96,2127.43,16670.239852,35176329.24453871,ETH-USDT
2026-02-09 18:00:00,2127.51,2142.98,2109.41,2130.65,9409.11986,20006164.36516366,ETH-USDT
2026-02-09 19:00:00,2130.65,2138.22,2119.1,2131.6,7042.971251,15001988.97310784,ETH-USDT
2026-02-09 20:00:00,2131.59,2148.23,2118.36,2124.73,8834.339665,18838154.32784375,ETH-USDT
2026-02-09 21:00:00,2124.73,2130.25,2088.67,2122.01,10588.102817,22335417.61939322,ETH-USDT
2026-02-09 22:00:00,2122.01,2125.79,2111.48,2115.3,4450.455804,9431160.3178348,ETH-USDT
2026-02-09 23:00:00,2115.31,2122.55,2101.25,2104.79,4124.925061,8702929.19681378,ETH-USDT
2026-02-10 00:00:00,2104.9,2112.98,2096.41,2096.59,3881.83008,8164498.95837497,ETH-USDT
2026-02-10 01:00:00,2096.59,2124.85,2096.41,2117.4,4200.011465,8877883.97392468,ETH-USDT
2026-02-10 02:00:00,2117.3,2121.9,2102.47,2108.35,2864.923245,6048939.41514401,ETH-USDT
2026-02-10 03:00:00,2108.2,2110.79,2051.65,2065.04,16250.254021,33705927.99349635,ETH-USDT
2026-02-10 04:00:00,2065.05,2074.7,2063.1,2070.8,5360.633572,11094378.72603338,ETH-USDT
2026-02-10 05:00:00,2070.81,2072.57,2045.59,2053.36,5816.07257,11978901.9192769,ETH-USDT
2026-02-10 06:00:00,2053.35,2058.0,1998.01,2009.4,37083.834868,74820948.58019509,ETH-USDT
2026-02-10 07:00:00,2009.41,2019.67,2000.11,2007.78,20569.804424,41364913.06852811,ETH-USDT
2026-02-10 08:00:00,2007.8,2018.0,1995.65,2015.14,18405.805498,36960690.67313994,ETH-USDT
2026-02-10 09:00:00,2015.1,2032.8,2010.33,2017.0,9134.113587,18467532.00780137,ETH-USDT
2026-02-10 10:00:00,2017.0,2022.68,2010.0,2014.15,5133.203335,10348811.59445479,ETH-USDT
2026-02-10 11:00:00,2014.15,2022.71,2001.01,2003.2,6592.061091,13253054.50747558,ETH-USDT
2026-02-10 12:00:00,2003.28,2017.5,2002.93,2008.4,3804.103017,7651683.87581441,ETH-USDT
2026-02-10 13:00:00,2008.3,2027.79,1997.35,2022.66,10035.364121,20217494.37304771,ETH-USDT
2026-02-10 14:00:00,2022.65,2040.75,1987.9,2009.89,20968.937125,42137709.30997982,ETH-USDT
2026-02-10 15:00:00,2009.71,2030.1,2003.85,2022.75,11089.121614,22402963.58019443,ETH-USDT
2026-02-10 16:00:00,2022.8,2037.91,2012.23,2026.3,7692.285294,15599444.12683302,ETH-USDT
2026-02-10 17:00:00,2026.21,2047.0,2019.8,2040.51,6623.768785,13489650.71422196,ETH-USDT
2026-02-10 18:00:00,2040.51,2042.79,1996.0,2009.36,7962.402379,16042913.3269231,ETH-USDT
2026-02-10 19:00:00,2009.36,2025.86,2003.64,2017.91,3566.554275,7183363.35748475,ETH-USDT
2026-02-10 20:00:00,2017.91,2021.49,2004.63,2011.68,4256.307064,8560442.54831158,ETH-USDT
2026-02-10 21:00:00,2011.68,2018.0,1997.01,2008.4,4412.417061,8849386.64504897,ETH-USDT
2026-02-10 22:00:00,2008.5,2020.47,2007.01,2017.56,2814.232821,5665765.31307718,ETH-USDT
2026-02-10 23:00:00,2017.55,2022.96,2012.77,2022.84,2209.628786,4458062.99441853,ETH-USDT
2026-02-11 00:00:00,2022.85,2029.65,2019.42,2025.55,2866.340857,5804326.33035944,ETH-USDT
2026-02-11 01:00:00,2025.56,2031.0,2016.66,2024.56,2886.057578,5840960.8976888,ETH-USDT
2026-02-11 02:00:00,2024.55,2032.55,2014.3,2017.7,3724.514977,7538568.16950037,ETH-USDT
2026-02-11 03:00:00,2017.7,2021.25,1997.59,2009.55,10254.364034,20581585.50946523,ETH-USDT
2026-02-11 04:00:00,2009.53,2011.19,1963.28,1971.45,23327.057463,46239173.85311651,ETH-USDT
2026-02-11 05:00:00,1971.55,1981.4,1971.51,1974.51,4194.637337,8290838.61519398,ETH-USDT
2026-02-11 06:00:00,1974.51,1977.72,1939.0,1949.03,19666.994412,38399792.51356167,ETH-USDT
2026-02-11 07:00:00,1948.91,1958.7,1945.47,1951.01,5879.363399,11479456.11150099,ETH-USDT
2026-02-11 08:00:00,1951.06,1953.58,1936.83,1950.11,6963.738363,13555323.62239093,ETH-USDT
2026-02-11 09:00:00,1950.11,1955.88,1943.16,1946.96,3464.95816,6753291.24445712,ETH-USDT
2026-02-11 10:00:00,1946.95,1947.0,1932.0,1939.53,5146.400508,9975480.53453442,ETH-USDT
2026-02-11 11:00:00,1939.44,1956.43,1937.4,1953.57,5965.315786,11627049.93983039,ETH-USDT
2026-02-11 12:00:00,1953.57,1967.6,1948.78,1952.25,9990.969103,19569695.29319256,ETH-USDT
2026-02-11 13:00:00,1952.3,1968.78,1942.17,1960.44,17398.820046,34009828.33934186,ETH-USDT
2026-02-11 14:00:00,1960.45,2015.84,1936.0,1943.19,44484.016618,87938921.45865195,ETH-USDT
2026-02-11 15:00:00,1943.28,1950.73,1902.23,1929.11,29610.101144,56945580.48677489,ETH-USDT
2026-02-11 16:00:00,1929.22,1956.07,1909.76,1915.32,14397.328821,27836183.12100846,ETH-USDT
2026-02-11 17:00:00,1915.32,1942.89,1909.0,1929.83,8552.282557,16472372.09614363,ETH-USDT
2026-02-11 18:00:00,1929.94,1948.62,1915.79,1944.17,5332.342512,10315744.57756966,ETH-USDT
2026-02-11 19:00:00,1944.17,1959.6,1938.0,1952.29,5309.56427,10360209.46019879,ETH-USDT
2026-02-11 20:00:00,1952.29,1958.81,1940.01,1954.0,4424.39219,8633721.57699924,ETH-USDT
2026-02-11 21:00:00,1954.14,1987.96,1950.75,1970.34,8425.345031,16594273.95609762,ETH-USDT
2026-02-11 22:00:00,1970.34,1973.0,1946.01,1951.29,4466.518325,8754324.8050193,ETH-USDT
2026-02-11 23:00:00,1951.29,1956.8,1932.07,1941.03,5560.302057,10798454.62770737,ETH-USDT
2026-02-12 00:00:00,1941.2,1963.3,1941.2,1958.61,3038.623598,5936459.59929592,ETH-USDT
2026-02-12 01:00:00,1958.82,1977.73,1958.82,1965.63,3431.197422,6754962.33964734,ETH-USDT
2026-02-12 02:00:00,1965.62,1971.5,1955.58,1958.84,3652.587668,7169532.42403482,ETH-USDT
2026-02-12 03:00:00,1958.84,1969.0,1957.14,1968.58,2410.316632,4732399.27029814,ETH-USDT
2026-02-12 04:00:00,1968.51,1975.97,1960.41,1965.75,3839.382117,7558547.32195057,ETH-USDT
2026-02-12 05:00:00,1965.7,1971.75,1953.17,1970.41,4652.901891,9139961.66483068,ETH-USDT
2026-02-12 06:00:00,1970.4,1983.27,1965.71,1975.19,5161.572099,10197144.2291428,ETH-USDT
2026-02-12 07:00:00,1975.1,1978.31,1966.21,1967.89,3695.834506,7286912.83709861,ETH-USDT
2026-02-12 08:00:00,1967.89,1974.0,1957.51,1965.66,4176.845396,8203610.1288131,ETH-USDT
2026-02-12 09:00:00,1965.66,1990.0,1963.34,1982.36,5463.176981,10807201.23765177,ETH-USDT
2026-02-12 10:00:00,1982.36,1995.55,1976.66,1994.0,4356.204482,8647772.74653746,ETH-USDT
2026-02-12 11:00:00,1994.14,2001.67,1984.15,1989.02,11074.729138,22038232.75174183,ETH-USDT
2026-02-12 12:00:00,1989.0,1990.95,1975.02,1980.84,6354.724885,12602684.75326721,ETH-USDT
2026-02-12 13:00:00,1980.74,1996.72,1975.7,1995.2,4273.11937,8481954.15761359,ETH-USDT
2026-02-12 14:00:00,1995.08,1996.21,1973.41,1978.4,9204.725271,18262692.55943428,ETH-USDT
2026-02-12 15:00:00,1978.67,1984.93,1945.23,1948.8,12855.923819,25227773.55202024,ETH-USDT
2026-02-12 16:00:00,1948.81,1950.47,1896.4,1908.92,25294.015365,48464341.97288091,ETH-USDT
2026-02-12 17:00:00,1909.04,1927.47,1902.54,1910.51,12879.795759,24642634.62788956,ETH-USDT
2026-02-12 18:00:00,1910.51,1924.95,1901.92,1918.66,8912.963421,17058967.96934563,ETH-USDT
2026-02-12 19:00:00,1918.71,1941.0,1911.45,1925.42,7950.39305,15335305.30152251,ETH-USDT
2026-02-12 20:00:00,1925.41,1932.15,1909.5,1915.76,4104.118259,7884424.95482469,ETH-USDT
2026-02-12 21:00:00,1915.86,1927.93,1914.3,1923.62,2959.119746,5686068.70523866,ETH-USDT
2026-02-12 22:00:00,1923.61,1945.65,1920.41,1943.0,3328.188142,6438685.28027205,ETH-USDT
2026-02-12 23:00:00,1943.0,1952.85,1939.21,1947.94,5371.602084,10458661.29650399,ETH-USDT
2026-02-13 00:00:00,1947.99,1954.48,1927.77,1933.14,5875.659304,11390569.08410163,ETH-USDT
2026-02-13 01:00:00,1933.32,1950.32,1933.14,1943.79,3570.425003,6937835.91734473,ETH-USDT
2026-02-13 02:00:00,1943.8,1952.0,1940.96,1948.15,3477.277778,6767615.83958296,ETH-USDT
2026-02-13 03:00:00,1948.15,1958.7,1944.25,1953.57,3321.496825,6483138.42827544,ETH-USDT
2026-02-13 04:00:00,1953.59,1955.73,1943.51,1944.59,2996.133964,5842699.6111291,ETH-USDT
2026-02-13 05:00:00,1944.6,1946.89,1931.66,1934.18,2867.177451,5559980.03885436,ETH-USDT
2026-02-13 06:00:00,1934.16,1939.5,1924.72,1936.94,3720.942813,7187697.30735859,ETH-USDT
2026-02-13 07:00:00,1936.94,1948.83,1932.91,1935.99,4553.91581,8842668.17179206,ETH-USDT
2026-02-13 08:00:00,1936.0,1964.8,1934.0,1958.98,6514.774272,12718459.93161678,ETH-USDT
2026-02-13 09:00:00,1958.97,1967.63,1953.2,1961.94,4625.943453,9071031.58093779,ETH-USDT
2026-02-13 10:00:00,1961.98,1969.33,1956.6,1959.32,2958.818135,5802881.75232981,ETH-USDT
2026-02-13 11:00:00,1959.32,1962.7,1945.26,1960.32,4336.843766,8478393.49021252,ETH-USDT
2026-02-13 12:00:00,1960.25,1964.92,1952.73,1961.0,2682.852903,5256870.20435657,ETH-USDT
2026-02-13 13:00:00,1961.01,1981.43,1956.01,1970.57,9820.714184,19364668.72452275,ETH-USDT
2026-02-13 14:00:00,1970.55,2002.49,1963.21,1990.95,17718.964319,35175144.60331999,ETH-USDT
2026-02-13 15:00:00,1991.0,2050.58,1987.01,2035.07,27733.870932,56187943.01106456,ETH-USDT
2026-02-13 16:00:00,2034.81,2072.8,2031.26,2061.29,24108.805033,49565609.2949021,ETH-USDT
2026-02-13 17:00:00,2061.19,2068.09,2049.0,2059.3,8601.881738,17708263.96187028,ETH-USDT
2026-02-13 18:00:00,2059.29,2064.55,2050.59,2057.38,4226.562115,8696138.95214252,ETH-USDT
2026-02-13 19:00:00,2057.38,2062.27,2052.58,2058.8,49041.910957,100908036.73579975,ETH-USDT
2026-02-13 20:00:00,2058.8,2060.79,2038.75,2045.67,18137.618028,37281980.84143771,ETH-USDT
2026-02-13 21:00:00,2045.8,2058.57,2045.19,2054.09,3412.438563,7008115.1175428,ETH-USDT
2026-02-13 22:00:00,2054.01,2059.59,2045.22,2054.38,2583.054143,5301195.7566167,ETH-USDT
2026-02-13 23:00:00,2054.39,2054.52,2046.57,2048.91,3595.783313,7374948.92982048,ETH-USDT
2026-02-14 00:00:00,2048.82,2056.0,2042.23,2055.39,3463.017684,7093681.21889062,ETH-USDT
2026-02-14 01:00:00,2055.15,2057.76,2050.66,2054.35,1212.915742,2491929.66479053,ETH-USDT
2026-02-14 02:00:00,2054.36,2054.63,2048.26,2050.3,1568.526374,3216940.97005528,ETH-USDT
2026-02-14 03:00:00,2050.3,2056.21,2048.61,2054.44,2847.469758,5840479.75040633,ETH-USDT
2026-02-14 04:00:00,2054.45,2058.07,2052.6,2053.39,1612.640231,3314447.81459063,ETH-USDT
2026-02-14 05:00:00,2053.39,2056.23,2050.81,2051.1,6114.218504,12555795.97433377,ETH-USDT
2026-02-14 06:00:00,2051.11,2054.64,2048.49,2053.6,1574.633586,3230435.44813473,ETH-USDT
2026-02-14 07:00:00,2053.6,2060.73,2050.66,2056.95,4919.056386,10107918.13184936,ETH-USDT
2026-02-14 08:00:00,2056.96,2092.0,2056.96,2082.16,10724.129113,22264175.53602208,ETH-USDT
2026-02-14 09:00:00,2082.15,2088.84,2075.77,2078.25,3323.158549,6918620.23836942,ETH-USDT
2026-02-14 10:00:00,2078.3,2078.3,2072.7,2077.36,2183.087249,4530233.98645394,ETH-USDT
2026-02-14 11:00:00,2077.36,2107.95,2077.36,2099.41,9601.7496,20137968.97572782,ETH-USDT
2026-02-14 12:00:00,2099.41,2100.0,2068.08,2071.04,10153.814461,21165815.62848292,ETH-USDT
2026-02-14 13:00:00,2070.96,2076.32,2064.8,2071.69,4204.146432,8707623.56608922,ETH-USDT
2026-02-14 14:00:00,2071.75,2088.97,2069.3,2085.16,3863.362857,8029189.87261253,ETH-USDT
2026-02-14 15:00:00,2085.17,2094.06,2081.08,2087.51,3013.182233,6288977.29533156,ETH-USDT
2026-02-14 16:00:00,2087.51,2088.2,2067.78,2082.85,3816.855571,7930506.93008496,ETH-USDT
2026-02-14 17:00:00,2082.95,2089.26,2077.61,2080.45,2179.749503,4541521.75918249,ETH-USDT
2026-02-14 18:00:00,2080.46,2086.99,2078.95,2085.51,1256.978338,2619469.15066223,ETH-USDT
2026-02-14 19:00:00,2085.55,2090.77,2078.71,2088.52,1262.389752,2633723.5418463,ETH-USDT
2026-02-14 20:00:00,2088.53,2093.01,2081.3,2089.96,2241.552326,4679589.62308785,ETH-USDT
2026-02-14 21:00:00,2089.96,2099.41,2078.5,2086.14,3546.989156,7411412.03030196,ETH-USDT
2026-02-14 22:00:00,2086.15,2095.2,2083.84,2090.54,2296.44746,4801073.02703278,ETH-USDT
2026-02-14 23:00:00,2090.54,2093.6,2083.91,2086.69,2095.763087,4377558.54298617,ETH-USDT
2026-02-15 00:00:00,2086.7,2091.2,2072.08,2080.29,4892.028168,10176210.89849555,ETH-USDT
2026-02-15 01:00:00,2080.21,2085.0,2053.76,2064.16,6270.784128,12954247.61768419,ETH-USDT
2026-02-15 02:00:00,2064.15,2072.43,2045.28,2060.0,6275.900741,12911833.6446429,ETH-USDT
2026-02-15 03:00:00,2059.97,2063.6,2036.0,2059.26,14567.809722,29827879.73200737,ETH-USDT
2026-02-15 04:00:00,2059.26,2087.84,2059.26,2076.55,13808.665365,28617664.27190705,ETH-USDT
2026-02-15 05:00:00,2076.6,2096.48,2075.26,2088.8,3996.396654,8348055.09787189,ETH-USDT
2026-02-15 06:00:00,2088.8,2094.97,2082.86,2086.01,3019.997519,6311767.36579518,ETH-USDT
2026-02-15 07:00:00,2086.02,2103.83,2082.58,2091.51,12294.409652,25687754.22920612,ETH-USDT
2026-02-15 08:00:00,2091.5,2096.82,2056.0,2069.31,7964.995458,16541417.02723853,ETH-USDT
2026-02-15 09:00:00,2069.31,2079.03,2066.25,2068.65,3473.341888,7192291.89480543,ETH-USDT
2026-02-15 10:00:00,2068.65,2070.35,2054.45,2061.74,3343.589771,6890567.02198459,ETH-USDT
2026-02-15 11:00:00,2061.73,2067.19,2058.65,2061.99,1329.865378,2743552.11734701,ETH-USDT
2026-02-15 12:00:00,2062.0,2069.23,2010.81,2010.81,14163.68901,28896776.92122794,ETH-USDT
2026-02-15 13:00:00,2010.82,2028.29,1993.99,2002.66,16906.01552,34019642.53892456,ETH-USDT
2026-02-15 14:00:00,2002.65,2012.64,1993.0,2010.6,7910.80618,15846604.59719711,ETH-USDT
2026-02-15 15:00:00,2010.59,2015.61,2002.6,2011.64,3522.100504,7078516.34850749,ETH-USDT
2026-02-15 16:00:00,2011.61,2011.64,1993.0,2006.61,6745.890449,13513330.05133242,ETH-USDT
2026-02-15 17:00:00,2006.61,2009.22,1957.26,1970.97,19801.191308,39095822.37426492,ETH-USDT
2026-02-15 18:00:00,1971.31,1981.57,1953.36,1959.77,17760.646576,34899879.57124695,ETH-USDT
2026-02-15 19:00:00,1959.67,1962.08,1929.39,1942.33,21006.57377,40779290.24287387,ETH-USDT
2026-02-15 20:00:00,1942.34,1958.54,1934.5,1950.46,5160.40228,10049261.46237544,ETH-USDT
2026-02-15 21:00:00,1950.47,1966.32,1950.14,1958.59,4273.254778,8368067.78616384,ETH-USDT
2026-02-15 22:00:00,1958.48,1974.99,1956.7,1970.2,3926.603934,7719898.20846632,ETH-USDT
2026-02-15 23:00:00,1970.39,1970.93,1944.76,1966.59,6825.316017,13367406.84736963,ETH-USDT
2026-02-16 00:00:00,1966.59,1979.17,1963.37,1969.41,5050.606529,9954737.60401023,ETH-USDT
2026-02-16 01:00:00,1969.41,1981.47,1956.88,1963.21,4381.781565,8627917.16254859,ETH-USDT
2026-02-16 02:00:00,1963.21,1966.89,1952.73,1957.04,3944.480242,7725667.53545781,ETH-USDT
2026-02-16 03:00:00,1957.1,1959.98,1948.94,1958.94,3505.436816,6850854.38611046,ETH-USDT
2026-02-16 04:00:00,1958.95,1973.2,1958.68,1973.19,2555.761938,5027492.48042277,ETH-USDT
2026-02-16 05:00:00,1973.19,1974.39,1953.0,1958.1,2593.141283,5081967.42353777,ETH-USDT
2026-02-16 06:00:00,1958.06,1967.77,1955.97,1967.17,2022.852104,3971246.73886694,ETH-USDT
2026-02-16 07:00:00,1967.17,1978.85,1964.66,1971.49,7473.084342,14736080.07292259,ETH-USDT
2026-02-16 08:00:00,1971.49,1978.93,1969.97,1977.4,3031.962278,5985384.09352292,ETH-USDT
2026-02-16 09:00:00,1977.4,1994.0,1976.31,1987.74,5343.636158,10614866.49645834,ETH-USDT
2026-02-16 10:00:00,1987.65,1988.8,1977.38,1979.0,2243.237919,4447147.03457556,ETH-USDT
2026-02-16 11:00:00,1979.01,1984.42,1957.4,1976.25,6930.609641,13651903.76769618,ETH-USDT
2026-02-16 12:00:00,1976.26,2009.99,1972.69,2006.89,7395.375039,14743222.67095154,ETH-USDT
2026-02-16 13:00:00,2006.55,2023.78,1961.29,1968.23,13376.038801,26626773.7544204,ETH-USDT
2026-02-16 14:00:00,1967.82,1983.54,1951.26,1973.13,7188.901485,14154009.95463234,ETH-USDT
2026-02-16 15:00:00,1973.13,1986.22,1937.36,1956.61,14751.843994,28831441.8717791,ETH-USDT
2026-02-16 16:00:00,1956.76,1980.25,1956.28,1973.61,5521.644826,10873900.62173469,ETH-USDT
2026-02-16 17:00:00,1973.6,1988.59,1964.37,1978.91,4645.319313,9189060.64583394,ETH-USDT
2026-02-16 18:00:00,1978.91,1985.78,1966.97,1968.8,2073.289359,4100710.1620395,ETH-USDT
2026-02-16 19:00:00,1968.8,1979.97,1966.0,1974.17,1466.898747,2895432.69252805,ETH-USDT
2026-02-16 20:00:00,1974.3,1995.92,1971.33,1993.42,3908.981126,7760032.01993207,ETH-USDT
2026-02-16 21:00:00,1993.28,2004.39,1986.45,1999.35,2654.098126,5293500.80166802,ETH-USDT
2026-02-16 22:00:00,1999.35,2002.75,1984.86,1990.3,4252.730112,8476481.68664016,ETH-USDT
2026-02-16 23:00:00,1990.26,2002.54,1989.05,1998.32,2197.834279,4388055.27040253,ETH-USDT
2026-02-17 00:00:00,1998.32,2006.68,1993.35,1998.45,2180.741543,4360652.76588989,ETH-USDT
2026-02-17 01:00:00,1998.45,2008.15,1990.82,1991.7,3459.852702,6918158.84852445,ETH-USDT
2026-02-17 02:00:00,1991.69,2008.88,1979.71,1998.62,6598.546591,13168716.93686373,ETH-USDT
2026-02-17 03:00:00,1998.7,1999.24,1984.44,1985.85,4143.453508,8246330.10187747,ETH-USDT
2026-02-17 04:00:00,1985.86,1998.43,1982.38,1989.5,3269.488448,6508708.12303908,ETH-USDT
2026-02-17 05:00:00,1989.49,1991.1,1964.67,1975.77,5502.30277,10869609.96047346,ETH-USDT
2026-02-17 06:00:00,1975.78,1984.98,1975.68,1981.02,2206.760288,4370936.26200643,ETH-USDT
2026-02-17 07:00:00,1981.0,1988.44,1973.51,1985.96,3579.956127,7088534.09251145,ETH-USDT
2026-02-17 08:00:00,1985.99,1990.9,1973.81,1976.95,4080.452879,8087117.32564011,ETH-USDT
2026-02-17 09:00:00,1977.0,1979.99,1970.0,1976.11,2139.491037,4224633.21665682,ETH-USDT
2026-02-17 10:00:00,1976.1,1977.83,1961.54,1967.02,3627.822145,7140127.37446329,ETH-USDT
2026-02-17 11:00:00,1967.25,1972.69,1964.28,1968.73,2586.816864,5092108.17182512,ETH-USDT
2026-02-17 12:00:00,1968.72,1977.14,1967.32,1969.89,3302.127716,6515943.02823263,ETH-USDT
2026-02-17 13:00:00,1969.95,1999.92,1965.0,1990.55,6746.787474,13393921.61946667,ETH-USDT
2026-02-17 14:00:00,1990.56,2002.95,1944.2,1948.61,17223.480486,33942749.59784456,ETH-USDT
2026-02-17 15:00:00,1948.73,1969.59,1941.67,1968.75,11251.619886,21998237.7139927,ETH-USDT
2026-02-17 16:00:00,1968.78,2010.66,1967.7,1980.51,13100.09927,26084668.26022526,ETH-USDT
2026-02-17 17:00:00,1980.51,1984.31,1954.06,1966.41,8293.820326,16310107.69893902,ETH-USDT
2026-02-17 18:00:00,1966.32,2007.63,1961.93,1998.67,10265.839639,20435735.07848664,ETH-USDT
2026-02-17 19:00:00,1998.68,2015.89,1995.2,1998.26,7629.398447,15293384.98277141,ETH-USDT
2026-02-17 20:00:00,1998.26,2001.65,1987.38,1994.74,3854.245146,7689688.89575167,ETH-USDT
2026-02-17 21:00:00,1994.74,2003.06,1991.8,1999.66,1927.606528,3848049.53656599,ETH-USDT
2026-02-17 22:00:00,1999.76,2004.38,1992.8,1994.0,2696.520375,5389337.80106657,ETH-USDT
2026-02-17 23:00:00,1994.0,1998.52,1989.66,1991.69,2551.602796,5086625.89440442,ETH-USDT
2026-02-18 00:00:00,1991.8,1997.99,1981.25,1981.51,2278.622412,4533009.30067617,ETH-USDT
2026-02-18 01:00:00,1981.55,1983.99,1968.57,1978.15,5490.448302,10848006.71616831,ETH-USDT
2026-02-18 02:00:00,1978.16,1992.9,1977.61,1987.55,3526.453069,7004942.28178618,ETH-USDT
2026-02-18 03:00:00,1987.61,2000.24,1986.61,1996.67,2580.818177,5149138.03791834,ETH-USDT
2026-02-18 04:00:00,1996.67,2002.48,1993.24,1999.14,2646.348536,5284899.54832584,ETH-USDT
2026-02-18 05:00:00,1999.14,2002.79,1995.8,1996.16,2575.264505,5147421.93926506,ETH-USDT
2026-02-18 06:00:00,1996.16,2008.29,1995.4,2002.0,2479.33858,4965985.42460341,ETH-USDT
2026-02-18 07:00:00,2002.0,2023.67,1996.4,2017.8,7838.823872,15769554.05127765,ETH-USDT
2026-02-18 08:00:00,2017.86,2039.0,2017.03,2020.4,10639.25981,21544601.61258366,ETH-USDT
2026-02-18 09:00:00,2020.43,2022.81,2014.9,2016.44,1981.729891,4002434.76022775,ETH-USDT
2026-02-18 10:00:00,2016.45,2018.32,1995.51,1997.1,5358.648865,10739112.78397873,ETH-USDT
2026-02-18 11:00:00,1997.15,1998.21,1976.5,1981.41,8166.475186,16205779.09723668,ETH-USDT
2026-02-18 12:00:00,1981.41,1989.28,1971.63,1982.38,4047.48198,8017189.86384916,ETH-USDT
2026-02-18 13:00:00,1982.39,1994.49,1961.56,1970.8,7244.325846,14318140.60989052,ETH-USDT
2026-02-18 14:00:00,1970.79,1976.84,1954.0,1974.8,11525.318173,22662802.47752285,ETH-USDT
2026-02-18 15:00:00,1974.95,2010.1,1973.61,1985.46,13607.2841,27100403.93441607,ETH-USDT
2026-02-18 16:00:00,1985.46,1985.84,1965.04,1971.81,8732.624341,17225352.64887974,ETH-USDT
2026-02-18 17:00:00,1971.81,1987.74,1970.81,1974.34,4746.588152,9387241.97691503,ETH-USDT
2026-02-18 18:00:00,1974.4,1977.64,1949.5,1952.78,16018.373407,31364274.78113052,ETH-USDT
2026-02-18 19:00:00,1952.76,1961.69,1923.44,1941.09,15313.170842,29718869.39353916,ETH-USDT
2026-02-18 20:00:00,1941.1,1952.75,1935.79,1939.74,6016.963245,11697892.48768494,ETH-USDT
2026-02-18 21:00:00,1939.75,1948.56,1936.0,1941.98,3154.011501,6127409.15312941,ETH-USDT
2026-02-18 22:00:00,1941.99,1950.12,1939.76,1948.21,1889.821354,3674422.49389532,ETH-USDT
2026-02-18 23:00:00,1948.4,1956.7,1944.46,1956.02,3568.909863,6961895.0773878,ETH-USDT
2026-02-19 00:00:00,1956.06,1961.25,1950.51,1956.6,1654.978011,3237364.33352711,ETH-USDT
2026-02-19 01:00:00,1956.36,1975.75,1956.35,1967.09,5247.356431,10321302.08227836,ETH-USDT
2026-02-19 02:00:00,1967.15,1973.09,1962.63,1967.9,3487.134862,6858991.13606371,ETH-USDT
2026-02-19 03:00:00,1967.95,1973.33,1963.2,1972.35,1814.845009,3574312.7562234,ETH-USDT
2026-02-19 04:00:00,1972.4,1979.62,1969.1,1969.56,3233.856252,6387095.74735478,ETH-USDT
2026-02-19 05:00:00,1969.56,1972.8,1964.25,1970.41,1720.663763,3386412.98549193,ETH-USDT
2026-02-19 06:00:00,1970.4,1985.16,1970.16,1983.1,3174.204627,6283167.32341523,ETH-USDT
2026-02-19 07:00:00,1983.11,1987.4,1979.01,1981.77,4892.120298,9699221.96344802,ETH-USDT
2026-02-19 08:00:00,1981.75,1982.48,1966.36,1970.22,4937.272266,9744351.16239797,ETH-USDT
2026-02-19 09:00:00,1970.59,1980.36,1961.96,1963.9,3598.926394,7096588.42064153,ETH-USDT
2026-02-19 10:00:00,1963.9,1968.79,1957.7,1959.69,3408.404409,6688928.51836689,ETH-USDT
2026-02-19 11:00:00,1959.88,1964.38,1948.0,1949.77,3585.729873,7012976.84933679,ETH-USDT
2026-02-19 12:00:00,1949.67,1956.3,1945.12,1947.7,4038.667341,7877952.00567437,ETH-USDT
2026-02-19 13:00:00,1947.7,1948.59,1911.36,1921.52,13495.857782,26022428.74759693,ETH-USDT
2026-02-19 14:00:00,1921.52,1948.55,1912.37,1936.97,10341.809232,19956299.89119151,ETH-USDT
2026-02-19 15:00:00,1937.0,1947.72,1913.23,1926.53,11952.481815,22995012.6692536,ETH-USDT
2026-02-19 16:00:00,1926.47,1929.99,1906.2,1922.1,8775.767185,16838894.04879333,ETH-USDT
2026-02-19 17:00:00,1922.12,1944.92,1910.62,1920.81,9232.423204,17807530.43763006,ETH-USDT
2026-02-19 18:00:00,1920.78,1944.56,1916.8,1939.6,6813.113101,13179278.44236471,ETH-USDT
2026-02-19 19:00:00,1939.72,1947.67,1927.86,1941.43,3366.050169,6526332.16010158,ETH-USDT
2026-02-19 20:00:00,1941.18,1952.51,1934.87,1950.13,3520.613895,6849903.00184467,ETH-USDT
2026-02-19 21:00:00,1950.11,1952.54,1945.7,1948.57,1880.473611,3664896.54713193,ETH-USDT
2026-02-19 22:00:00,1948.61,1948.61,1936.81,1943.89,3367.40491,6538447.97576015,ETH-USDT
2026-02-19 23:00:00,1944.09,1951.2,1942.16,1948.75,3156.74979,6149241.70186656,ETH-USDT
2026-02-20 00:00:00,1948.83,1964.58,1947.2,1957.36,6244.307985,12223323.85826319,ETH-USDT
2026-02-20 01:00:00,1957.4,1961.44,1949.55,1953.59,3576.417072,6999175.20653954,ETH-USDT
2026-02-20 02:00:00,1953.69,1956.55,1947.48,1949.25,2941.824309,5738994.36871603,ETH-USDT
2026-02-20 03:00:00,1949.39,1960.56,1949.36,1954.9,3341.506889,6535131.92713297,ETH-USDT
2026-02-20 04:00:00,1954.89,1956.12,1930.86,1939.2,6390.420916,12415336.52293194,ETH-USDT
2026-02-20 05:00:00,1939.23,1965.41,1936.32,1955.09,5984.683937,11694900.45470888,ETH-USDT
2026-02-20 06:00:00,1955.11,1960.5,1949.59,1958.42,4500.941319,8802288.41948829,ETH-USDT
2026-02-20 07:00:00,1958.43,1968.8,1957.04,1960.91,5494.184318,10780029.16448451,ETH-USDT
2026-02-20 08:00:00,1960.9,1966.4,1957.04,1959.92,2953.237989,5792165.97286374,ETH-USDT
2026-02-20 09:00:00,1959.89,1972.45,1959.89,1967.9,5419.125081,10663303.48026703,ETH-USDT
2026-02-20 10:00:00,1967.9,1973.46,1956.54,1957.48,4704.866992,9249945.31677531,ETH-USDT
2026-02-20 11:00:00,1957.49,1957.49,1940.54,1943.96,4924.063775,9603937.86429405,ETH-USDT
2026-02-20 12:00:00,1943.97,1951.94,1942.37,1949.89,2214.241155,4311915.28465441,ETH-USDT
2026-02-20 13:00:00,1949.89,1949.89,1923.23,1934.09,7128.394018,13794314.75886091,ETH-USDT
2026-02-20 14:00:00,1934.09,1954.54,1933.16,1943.56,6188.0529,12027183.20292335,ETH-USDT
2026-02-20 15:00:00,1943.7,1980.51,1935.15,1963.97,22974.37809,45013502.44342822,ETH-USDT
2026-02-20 16:00:00,1963.83,1973.35,1953.87,1968.45,10379.291848,20387953.64300437,ETH-USDT
2026-02-20 17:00:00,1968.44,1971.0,1939.2,1966.53,10685.21313,20885685.97656042,ETH-USDT
2026-02-20 18:00:00,1966.53,1981.57,1959.5,1975.53,11232.059183,22126744.08804619,ETH-USDT
2026-02-20 19:00:00,1975.54,1978.39,1961.4,1963.69,3676.389719,7242481.63612204,ETH-USDT
2026-02-20 20:00:00,1963.7,1971.1,1961.6,1971.1,1013.42986,1994027.49922207,ETH-USDT
2026-02-20 21:00:00,1970.79,1974.99,1967.05,1974.41,2278.27055,4492931.95743247,ETH-USDT
2026-02-20 22:00:00,1974.41,1974.41,1964.2,1971.26,2332.012326,4593149.91674343,ETH-USDT
2026-02-20 23:00:00,1971.2,1973.55,1963.41,1968.84,1987.429762,3911430.81168673,ETH-USDT
2026-02-21 00:00:00,1968.85,1969.4,1961.29,1963.2,1296.006381,2547850.20789804,ETH-USDT
2026-02-21 01:00:00,1963.25,1969.4,1963.0,1966.22,1726.976093,3396048.44420025,ETH-USDT
2026-02-21 02:00:00,1966.25,1970.65,1964.66,1965.71,1292.79095,2543907.51202077,ETH-USDT
2026-02-21 03:00:00,1965.71,1966.1,1955.62,1959.21,1600.994578,3137919.25734157,ETH-USDT
2026-02-21 04:00:00,1959.25,1963.44,1956.25,1962.49,978.493198,1917591.09266547,ETH-USDT
2026-02-21 05:00:00,1962.49,1964.6,1961.12,1962.95,787.914247,1546450.75260208,ETH-USDT
2026-02-21 06:00:00,1962.95,1966.23,1960.64,1961.56,3061.165757,6009753.69483098,ETH-USDT
2026-02-21 07:00:00,1961.56,1965.1,1960.0,1962.96,764.143554,1499636.3660222,ETH-USDT
2026-02-21 08:00:00,1962.95,1971.32,1962.26,1969.02,1518.004907,2985686.95551391,ETH-USDT
2026-02-21 09:00:00,1969.02,1977.77,1967.24,1970.28,3921.928099,7740078.18606851,ETH-USDT
2026-02-21 10:00:00,1970.28,1974.99,1970.12,1974.0,3529.356005,6963788.93469207,ETH-USDT
2026-02-21 11:00:00,1974.0,1988.5,1973.65,1977.09,4457.809504,8831125.54663281,ETH-USDT
2026-02-21 12:00:00,1977.06,1978.26,1969.26,1975.95,2897.291112,5717534.94655627,ETH-USDT
2026-02-21 13:00:00,1975.94,1981.6,1972.66,1981.23,1187.507157,2349357.87044229,ETH-USDT
2026-02-21 14:00:00,1981.22,1996.26,1978.57,1987.4,7803.236033,15512552.87519853,ETH-USDT
2026-02-21 15:00:00,1987.4,1993.35,1984.18,1987.95,2951.137991,5870981.48573684,ETH-USDT
2026-02-21 16:00:00,1988.06,1989.88,1976.5,1986.44,5926.23901,11753367.30811131,ETH-USDT
2026-02-21 17:00:00,1986.45,1992.54,1984.47,1988.94,1334.608968,2653838.90009619,ETH-USDT
2026-02-21 18:00:00,1988.94,1995.5,1987.66,1991.98,3098.984412,6173647.5321833,ETH-USDT
2026-02-21 19:00:00,1992.01,1994.85,1988.0,1988.54,1287.729484,2563802.90630253,ETH-USDT
2026-02-21 20:00:00,1988.55,1990.64,1972.94,1974.4,4422.977588,8764709.58171188,ETH-USDT
2026-02-21 21:00:00,1974.31,1982.87,1970.0,1982.3,2375.968472,4695661.23472532,ETH-USDT
2026-02-21 22:00:00,1982.3,1982.74,1972.21,1974.37,1397.625153,2762825.73418215,ETH-USDT
2026-02-21 23:00:00,1974.4,1978.01,1971.1,1973.6,1450.927256,2864409.93953208,ETH-USDT
2026-02-22 00:00:00,1973.56,1975.51,1967.91,1973.04,2132.500325,4203425.72739453,ETH-USDT
2026-02-22 01:00:00,1973.04,1980.0,1972.5,1977.53,1689.224036,3338618.45451347,ETH-USDT
2026-02-22 02:00:00,1977.52,1983.29,1972.32,1972.51,1655.215237,3272993.45554376,ETH-USDT
2026-02-22 03:00:00,1972.51,1976.5,1967.49,1975.01,1793.496234,3537455.04014561,ETH-USDT
2026-02-22 04:00:00,1975.0,1976.44,1971.26,1973.96,1002.880682,1979597.53115987,ETH-USDT
2026-02-22 05:00:00,1973.97,1975.34,1971.1,1975.25,747.501061,1475191.80070972,ETH-USDT
2026-02-22 06:00:00,1975.26,1979.53,1974.33,1976.18,2272.640781,4489853.49346505,ETH-USDT
2026-02-22 07:00:00,1976.19,1978.95,1974.42,1976.2,1241.153213,2453421.51863431,ETH-USDT
2026-02-22 08:00:00,1976.19,1977.2,1970.6,1973.51,1218.522625,2405142.69076669,ETH-USDT
2026-02-22 09:00:00,1973.51,1976.46,1971.86,1975.81,905.545172,1787544.55484559,ETH-USDT
2026-02-22 10:00:00,1975.81,1980.8,1974.98,1977.64,1478.036218,2923071.86058436,ETH-USDT
2026-02-22 11:00:00,1977.65,1983.21,1977.56,1980.7,1569.55955,3109336.60086572,ETH-USDT
2026-02-22 12:00:00,1980.7,1981.48,1962.06,1966.55,5222.488618,10282542.95766043,ETH-USDT
2026-02-22 13:00:00,1966.53,1968.82,1945.0,1951.37,7067.602523,13821383.60768109,ETH-USDT
2026-02-22 14:00:00,1951.36,1954.86,1943.78,1950.78,4992.683143,9733511.48912108,ETH-USDT
2026-02-22 15:00:00,1950.85,1959.0,1946.06,1954.05,3726.215289,7278494.32255815,ETH-USDT
2026-02-22 16:00:00,1954.06,1955.82,1947.64,1952.76,2762.607308,5389997.15383424,ETH-USDT
2026-02-22 17:00:00,1952.77,1953.8,1935.03,1940.44,4715.369446,9154299.79906889,ETH-USDT
2026-02-22 18:00:00,1940.44,1944.38,1938.75,1943.09,1724.825429,3349601.75491881,ETH-USDT
2026-02-22 19:00:00,1943.09,1946.04,1940.72,1944.04,627.812475,1220474.37521752,ETH-USDT
2026-02-22 20:00:00,1944.05,1946.09,1940.16,1941.2,773.097806,1502438.77406775,ETH-USDT
2026-02-22 21:00:00,1941.2,1952.58,1941.2,1950.65,1319.002322,2568296.5145601,ETH-USDT
2026-02-22 22:00:00,1950.65,1962.14,1946.7,1958.6,2305.84316,4508064.04801194,ETH-USDT
2026-02-22 23:00:00,1958.56,1961.21,1948.56,1957.97,3143.449498,6143624.23357485,ETH-USDT
2026-02-23 00:00:00,1957.98,1958.4,1928.03,1929.26,5329.366687,10340776.57500985,ETH-USDT
2026-02-23 01:00:00,1929.26,1929.26,1846.67,1856.54,73190.500459,137681067.84143668,ETH-USDT
2026-02-23 02:00:00,1856.45,1868.92,1850.91,1863.3,12985.471855,24170197.19263149,ETH-USDT
2026-02-23 03:00:00,1863.3,1871.79,1856.03,1862.9,7079.667142,13188167.7242389,ETH-USDT
2026-02-23 04:00:00,1862.9,1864.97,1853.65,1859.86,4934.223153,9177935.2089794,ETH-USDT
2026-02-23 05:00:00,1859.86,1870.5,1859.8,1865.76,7688.421316,14347993.66683837,ETH-USDT
2026-02-23 06:00:00,1865.76,1882.69,1864.1,1879.2,10166.857253,19063994.29346193,ETH-USDT
2026-02-23 07:00:00,1879.21,1888.85,1876.62,1885.26,9067.463503,17071917.06050865,ETH-USDT
2026-02-23 08:00:00,1885.26,1890.0,1876.5,1880.56,5309.637189,9993048.40412225,ETH-USDT
2026-02-23 09:00:00,1880.56,1918.7,1880.56,1918.01,13059.194875,24840296.57644306,ETH-USDT
2026-02-23 10:00:00,1917.88,1928.0,1912.02,1913.75,7678.560442,14740988.85905237,ETH-USDT
2026-02-23 11:00:00,1913.73,1920.51,1910.77,1915.26,12445.216248,23819695.50157144,ETH-USDT
2026-02-23 12:00:00,1915.25,1926.49,1905.5,1919.94,16492.403612,31578386.75940633,ETH-USDT
2026-02-23 13:00:00,1919.94,1935.36,1918.67,1921.6,10355.03982,19944755.89318048,ETH-USDT
2026-02-23 14:00:00,1921.6,1925.29,1895.03,1906.92,20119.183546,38422822.15966248,ETH-USDT
2026-02-23 15:00:00,1906.91,1913.21,1892.6,1895.61,10274.986442,19553383.92079213,ETH-USDT
