timestamp,0
2025-11-30 17:00:00,1000.0
2025-11-30 18:00:00,1000.0
2025-11-30 19:00:00,997.1387864783059
2025-11-30 20:00:00,995.2095352390472
2025-11-30 21:00:00,992.6884872679594
2025-11-30 22:00:00,993.625607183812
2025-11-30 23:00:00,978.5397065872305
2025-12-01 00:00:00,947.6905265284598
2025-12-01 01:00:00,947.6905265284598
2025-12-01 02:00:00,947.6905265284598
2025-12-01 03:00:00,947.6905265284598
2025-12-01 04:00:00,947.6905265284598
2025-12-01 05:00:00,947.6905265284598
2025-12-01 06:00:00,947.6905265284598
2025-12-01 07:00:00,947.6905265284598
2025-12-01 08:00:00,947.6905265284598
2025-12-01 09:00:00,947.6905265284598
2025-12-01 10:00:00,947.6905265284598
2025-12-01 11:00:00,947.6905265284598
2025-12-01 12:00:00,947.6905265284598
2025-12-01 13:00:00,947.6905265284598
2025-12-01 14:00:00,947.6905265284598
2025-12-01 15:00:00,947.6905265284598
2025-12-01 16:00:00,947.6905265284598
2025-12-01 17:00:00,947.6905265284598
2025-12-01 18:00:00,943.2804958280784
2025-12-01 19:00:00,945.422433532964
2025-12-01 20:00:00,938.1248713877225
2025-12-01 21:00:00,928.5882951451538
2025-12-01 22:00:00,924.0282518321337
2025-12-01 23:00:00,921.7534000974064
2025-12-02 00:00:00,919.0435666733665
2025-12-02 01:00:00,918.4136185470777
2025-12-02 02:00:00,915.899447701891
2025-12-02 03:00:00,910.2058685729065
2025-12-02 04:00:00,908.0812704654776
2025-12-02 05:00:00,905.9980361694653
2025-12-02 06:00:00,900.6658854271141
2025-12-02 07:00:00,902.3237048624208
2025-12-02 08:00:00,908.1570161742492
2025-12-02 09:00:00,900.9582078732855
2025-12-02 10:00:00,887.9620121564101
2025-12-02 11:00:00,883.1139142725506
2025-12-02 12:00:00,881.151005686498
2025-12-02 13:00:00,872.9061640676258
2025-12-02 14:00:00,853.8302133907977
2025-12-02 15:00:00,852.3229083843552
2025-12-02 16:00:00,854.4993820754004
2025-12-02 17:00:00,853.6367342045612
2025-12-02 18:00:00,854.6762021571014
2025-12-02 19:00:00,852.7941493482597
2025-12-02 20:00:00,848.2372835456296
2025-12-02 21:00:00,848.8113241190295
2025-12-02 22:00:00,851.8266347363221
2025-12-02 23:00:00,843.1973114770545
2025-12-03 00:00:00,844.1549256145157
2025-12-03 01:00:00,846.8006709592468
2025-12-03 02:00:00,851.841742134067
2025-12-03 03:00:00,851.0685489041757
2025-12-03 04:00:00,860.0510800936338
2025-12-03 05:00:00,863.9543615127496
2025-12-03 06:00:00,860.9002539286521
2025-12-03 07:00:00,856.0956880767745
2025-12-03 08:00:00,855.3887467096047
2025-12-03 09:00:00,853.7277631605938
2025-12-03 10:00:00,846.2512685375731
2025-12-03 11:00:00,847.1246479330027
2025-12-03 12:00:00,843.9809515168089
2025-12-03 13:00:00,843.303022205471
2025-12-03 14:00:00,833.2643044859221
2025-12-03 15:00:00,835.6076480760665
2025-12-03 16:00:00,836.198292410673
2025-12-03 17:00:00,847.1903087753394
2025-12-03 18:00:00,839.117430784973
2025-12-03 19:00:00,843.6434489524928
2025-12-03 20:00:00,843.8075476152671
2025-12-03 21:00:00,861.659126495404
2025-12-03 22:00:00,858.7534695958104
2025-12-03 23:00:00,852.916778815961
2025-12-04 00:00:00,850.0137323297121
2025-12-04 01:00:00,844.2618769872419
2025-12-04 02:00:00,849.2250491056934
2025-12-04 03:00:00,840.742182901884
2025-12-04 04:00:00,835.9157369649249
2025-12-04 05:00:00,829.5633132843847
2025-12-04 06:00:00,832.0530058598064
2025-12-04 07:00:00,827.5102559152617
2025-12-04 08:00:00,821.9852085314587
2025-12-04 09:00:00,823.364138622165
2025-12-04 10:00:00,815.2316897766751
2025-12-04 11:00:00,811.1473046514485
2025-12-04 12:00:00,807.2611731110488
2025-12-04 13:00:00,798.8314416463227
2025-12-04 14:00:00,790.0623076858863
2025-12-04 15:00:00,804.0859789243685
2025-12-04 16:00:00,792.9371480325854
2025-12-04 17:00:00,786.2222900832672
2025-12-04 18:00:00,773.8234471283583
2025-12-04 19:00:00,766.3718143755899
2025-12-04 20:00:00,770.6418874045305
2025-12-04 21:00:00,757.099696660228
2025-12-04 22:00:00,761.5979520405793
2025-12-04 23:00:00,755.9793888822421
2025-12-05 00:00:00,757.6296115288577
2025-12-05 01:00:00,757.6692800393768
2025-12-05 02:00:00,758.8436052273096
2025-12-05 03:00:00,752.1343737061429
2025-12-05 04:00:00,748.1654655452774
2025-12-05 05:00:00,745.5725035040255
2025-12-05 06:00:00,746.28434873171
2025-12-05 07:00:00,746.8674205438635
2025-12-05 08:00:00,738.7521025136266
2025-12-05 09:00:00,730.4132301456362
2025-12-05 10:00:00,729.884580274716
2025-12-05 11:00:00,727.7756472467962
2025-12-05 12:00:00,726.9722267722454
2025-12-05 13:00:00,725.7556870883328
2025-12-05 14:00:00,725.843279008775
2025-12-05 15:00:00,724.3581648180066
2025-12-05 16:00:00,724.7511409543263
2025-12-05 17:00:00,724.2087782292862
2025-12-05 18:00:00,723.7276855132824
2025-12-05 19:00:00,723.3253950157239
2025-12-05 20:00:00,722.071787847758
2025-12-05 21:00:00,721.4160385991171
2025-12-05 22:00:00,721.0190340532197
2025-12-05 23:00:00,720.8557444484488
2025-12-06 00:00:00,720.6819065993739
2025-12-06 01:00:00,720.0839118921931
2025-12-06 02:00:00,719.4768526723935
2025-12-06 03:00:00,719.1556997728165
2025-12-06 04:00:00,719.2975849744289
2025-12-06 05:00:00,718.9183310184413
2025-12-06 06:00:00,719.0123290405352
2025-12-06 07:00:00,717.6392493251703
2025-12-06 08:00:00,721.5115776701093
2025-12-06 09:00:00,714.2343268717661
2025-12-06 10:00:00,714.7495573766421
2025-12-06 11:00:00,709.2966477351184
2025-12-06 12:00:00,709.4638502770354
2025-12-06 13:00:00,706.0091460222226
2025-12-06 14:00:00,696.5742005164843
2025-12-06 15:00:00,699.0089827748891
2025-12-06 16:00:00,693.4058910858663
2025-12-06 17:00:00,689.2245318545363
2025-12-06 18:00:00,688.8224174976494
2025-12-06 19:00:00,693.1153348799247
2025-12-06 20:00:00,687.0244319850846
2025-12-06 21:00:00,684.9140732073869
2025-12-06 22:00:00,685.8024069627529
2025-12-06 23:00:00,684.3839088390965
2025-12-07 00:00:00,678.2130310086684
2025-12-07 01:00:00,679.0320357809026
2025-12-07 02:00:00,670.3449683529457
2025-12-07 03:00:00,668.2293600767209
2025-12-07 04:00:00,669.2318546291575
2025-12-07 05:00:00,666.6916220528741
2025-12-07 06:00:00,662.1748822563551
2025-12-07 07:00:00,665.0381174552402
2025-12-07 08:00:00,664.4022220738004
2025-12-07 09:00:00,664.5572918362313
2025-12-07 10:00:00,663.155111249424
2025-12-07 11:00:00,660.5617018357359
2025-12-07 12:00:00,656.655518336885
2025-12-07 13:00:00,656.8270070993839
2025-12-07 14:00:00,662.7041931790245
2025-12-07 15:00:00,645.1966809892108
2025-12-07 16:00:00,642.3635113189665
2025-12-07 17:00:00,637.4218793992633
2025-12-07 18:00:00,639.100470555731
2025-12-07 19:00:00,636.3145751371261
2025-12-07 20:00:00,634.6543836884936
2025-12-07 21:00:00,625.3124210030918
2025-12-07 22:00:00,618.9709934491284
2025-12-07 23:00:00,622.1928215455788
2025-12-08 00:00:00,618.6411061782113
2025-12-08 01:00:00,622.9166994471377
2025-12-08 02:00:00,623.3827580612873
2025-12-08 03:00:00,620.9171944722926
2025-12-08 04:00:00,622.853453325891
2025-12-08 05:00:00,621.4902333672699
2025-12-08 06:00:00,620.2821360548551
2025-12-08 07:00:00,620.25405831768
2025-12-08 08:00:00,620.5976773041268
2025-12-08 09:00:00,623.9752982838439
2025-12-08 10:00:00,623.4059315773435
2025-12-08 11:00:00,619.8017311446806
2025-12-08 12:00:00,617.8450991561945
2025-12-08 13:00:00,617.3510479144833
2025-12-08 14:00:00,611.0819632483707
2025-12-08 15:00:00,604.1017272220063
2025-12-08 16:00:00,602.9966743246116
2025-12-08 17:00:00,602.9604710844305
2025-12-08 18:00:00,595.7101050569241
2025-12-08 19:00:00,596.6760060849501
2025-12-08 20:00:00,597.6982791825073
2025-12-08 21:00:00,598.9515854856163
2025-12-08 22:00:00,592.08609958213
2025-12-08 23:00:00,587.6902583543612
2025-12-09 00:00:00,584.2963316989604
2025-12-09 01:00:00,578.4913755073903
2025-12-09 02:00:00,576.78631498885
2025-12-09 03:00:00,581.3569278020694
2025-12-09 04:00:00,572.9232729400696
2025-12-09 05:00:00,568.9963194795988
2025-12-09 06:00:00,567.8901927974332
2025-12-09 07:00:00,569.5316940971766
2025-12-09 08:00:00,566.8553342856895
2025-12-09 09:00:00,562.082965686283
2025-12-09 10:00:00,562.1034857754053
2025-12-09 11:00:00,565.3162474936714
2025-12-09 12:00:00,569.3388880291446
2025-12-09 13:00:00,566.4144887369326
2025-12-09 14:00:00,563.6141562724628
2025-12-09 15:00:00,589.8349642659305
2025-12-09 16:00:00,620.4264366481792
2025-12-09 17:00:00,616.4160479275253
2025-12-09 18:00:00,614.7051280428874
2025-12-09 19:00:00,609.7823171151849
2025-12-09 20:00:00,599.9997742877312
2025-12-09 21:00:00,591.3188608894635
2025-12-09 22:00:00,594.5445955062398
2025-12-09 23:00:00,590.1133511162623
2025-12-10 00:00:00,582.4096163480336
2025-12-10 01:00:00,581.7322690249165
2025-12-10 02:00:00,580.9555626938851
2025-12-10 03:00:00,579.2863819046419
2025-12-10 04:00:00,578.804914259222
2025-12-10 05:00:00,577.3969838816552
2025-12-10 06:00:00,575.9798072977163
2025-12-10 07:00:00,573.0514884286631
2025-12-10 08:00:00,569.7668175274184
2025-12-10 09:00:00,575.3786715326034
2025-12-10 10:00:00,560.7922700797831
2025-12-10 11:00:00,559.9504709138535
2025-12-10 12:00:00,558.198206102017
2025-12-10 13:00:00,558.4812591230268
2025-12-10 14:00:00,553.3378645858571
2025-12-10 15:00:00,551.1340621822947
2025-12-10 16:00:00,554.448585894556
2025-12-10 17:00:00,556.1470145566143
2025-12-10 18:00:00,559.3327769858696
2025-12-10 19:00:00,563.4263924212077
2025-12-10 20:00:00,554.9635883801892
2025-12-10 21:00:00,545.3615974082703
2025-12-10 22:00:00,544.8747497960635
2025-12-10 23:00:00,534.9745413575697
2025-12-11 00:00:00,520.2978909894109
2025-12-11 01:00:00,512.7472884173858
2025-12-11 02:00:00,508.5888252347439
2025-12-11 03:00:00,506.96715071028694
2025-12-11 04:00:00,508.02835471056204
2025-12-11 05:00:00,507.56598690705033
2025-12-11 06:00:00,507.26952634946247
2025-12-11 07:00:00,507.12964623317566
2025-12-11 08:00:00,506.7651473610794
2025-12-11 09:00:00,506.06539499176887
2025-12-11 10:00:00,505.237466169074
2025-12-11 11:00:00,504.46746629612943
2025-12-11 12:00:00,504.0870068805897
2025-12-11 13:00:00,503.28028241556
2025-12-11 14:00:00,502.1537355228072
2025-12-11 15:00:00,502.44700041222524
2025-12-11 16:00:00,501.98299525618313
2025-12-11 17:00:00,500.11163126725216
2025-12-11 18:00:00,497.5716347706338
2025-12-11 19:00:00,496.86911019664564
2025-12-11 20:00:00,494.18756395125655
2025-12-11 21:00:00,492.64868870751314
2025-12-11 22:00:00,492.99839409544603
2025-12-11 23:00:00,491.515337953646
2025-12-12 00:00:00,495.51311106447173
2025-12-12 01:00:00,488.14744942128766
2025-12-12 02:00:00,482.89899282718443
2025-12-12 03:00:00,483.6435514611226
2025-12-12 04:00:00,484.20456516987934
2025-12-12 05:00:00,478.92987795963984
2025-12-12 06:00:00,477.98418790295136
2025-12-12 07:00:00,478.1616469868081
2025-12-12 08:00:00,478.8859224391967
2025-12-12 09:00:00,475.36086593417747
2025-12-12 10:00:00,474.7018332205225
2025-12-12 11:00:00,473.9426312206828
2025-12-12 12:00:00,471.3726741815089
2025-12-12 13:00:00,469.05480470122194
2025-12-12 14:00:00,469.71110939766754
2025-12-12 15:00:00,482.2523226853204
2025-12-12 16:00:00,484.12668614815215
2025-12-12 17:00:00,480.19770545254704
2025-12-12 18:00:00,476.2663787747992
2025-12-12 19:00:00,474.6057689937065
2025-12-12 20:00:00,472.50949532535867
2025-12-12 21:00:00,471.1149513529482
2025-12-12 22:00:00,468.7765534500055
2025-12-12 23:00:00,467.6820120575369
2025-12-13 00:00:00,465.9664062173596
2025-12-13 01:00:00,464.39184226043596
2025-12-13 02:00:00,462.3450264445837
2025-12-13 03:00:00,461.3169659386603
2025-12-13 04:00:00,459.40427182055237
2025-12-13 05:00:00,457.29453655446775
2025-12-13 06:00:00,456.4534716043081
2025-12-13 07:00:00,453.66043522150346
2025-12-13 08:00:00,451.0318369861067
2025-12-13 09:00:00,449.6710733701018
2025-12-13 10:00:00,446.3562635116658
2025-12-13 11:00:00,447.03962536189306
2025-12-13 12:00:00,446.0923250750962
2025-12-13 13:00:00,445.397141510775
2025-12-13 14:00:00,444.69519665917926
2025-12-13 15:00:00,442.03813455184525
2025-12-13 16:00:00,441.14649715875146
2025-12-13 17:00:00,439.4467215447529
2025-12-13 18:00:00,437.9139526273285
2025-12-13 19:00:00,437.020046847724
2025-12-13 20:00:00,436.35141907539173
2025-12-13 21:00:00,435.45614244156377
2025-12-13 22:00:00,434.64333184439846
2025-12-13 23:00:00,433.15246432635234
2025-12-14 00:00:00,432.320863291039
2025-12-14 01:00:00,431.45528058259305
2025-12-14 02:00:00,430.3796731947399
2025-12-14 03:00:00,429.12421348716975
2025-12-14 04:00:00,427.8986542335174
2025-12-14 05:00:00,426.3825772546963
2025-12-14 06:00:00,425.3791214794227
2025-12-14 07:00:00,424.42691315877283
2025-12-14 08:00:00,424.37233812366173
2025-12-14 09:00:00,422.70824145440366
2025-12-14 10:00:00,421.78810060231973
2025-12-14 11:00:00,420.90038658317224
2025-12-14 12:00:00,419.5417721693848
2025-12-14 13:00:00,418.4978515945032
2025-12-14 14:00:00,416.47871688269606
2025-12-14 15:00:00,415.4490725581136
2025-12-14 16:00:00,414.12292873127745
2025-12-14 17:00:00,411.6288115605593
2025-12-14 18:00:00,411.2320246191141
2025-12-14 19:00:00,410.01394052496255
2025-12-14 20:00:00,409.40643667595316
2025-12-14 21:00:00,408.28075175056495
2025-12-14 22:00:00,407.56721931420054
2025-12-14 23:00:00,406.91150592523377
2025-12-15 00:00:00,406.6280787513562
2025-12-15 01:00:00,407.0535224061144
2025-12-15 02:00:00,405.87018007469135
2025-12-15 03:00:00,405.0686424948394
2025-12-15 04:00:00,404.3896033619901
2025-12-15 05:00:00,402.95601495361035
2025-12-15 06:00:00,401.60783095814986
2025-12-15 07:00:00,400.10171812399034
2025-12-15 08:00:00,398.34918234666515
2025-12-15 09:00:00,398.1257370757167
2025-12-15 10:00:00,397.2995197816525
2025-12-15 11:00:00,395.4100302242866
2025-12-15 12:00:00,394.1996067078145
2025-12-15 13:00:00,393.0447223476198
2025-12-15 14:00:00,389.28488024849935
2025-12-15 15:00:00,389.0095331945972
2025-12-15 16:00:00,388.6703823358207
2025-12-15 17:00:00,390.7988482752976
2025-12-15 18:00:00,389.5308002087273
2025-12-15 19:00:00,388.5839035981119
2025-12-15 20:00:00,389.6381109075402
2025-12-15 21:00:00,387.2510549131889
2025-12-15 22:00:00,385.9858888676447
2025-12-15 23:00:00,383.5383898709099
2025-12-16 00:00:00,386.2608288600428
2025-12-16 01:00:00,385.61393784624823
2025-12-16 02:00:00,384.8372128935301
2025-12-16 03:00:00,384.91199591542744
2025-12-16 04:00:00,385.3078766342943
2025-12-16 05:00:00,384.15321282024235
2025-12-16 06:00:00,380.3894762581917
2025-12-16 07:00:00,384.05677714307893
2025-12-16 08:00:00,381.99183263259755
2025-12-16 09:00:00,380.9800857143037
2025-12-16 10:00:00,375.3490468597736
2025-12-16 11:00:00,372.2732662264863
2025-12-16 12:00:00,371.41471213198065
2025-12-16 13:00:00,377.7747760275135
2025-12-16 14:00:00,370.5070179032481
2025-12-16 15:00:00,364.5131208741733
2025-12-16 16:00:00,367.4965939278966
2025-12-16 17:00:00,370.5192016176321
2025-12-16 18:00:00,364.5171037698261
2025-12-16 19:00:00,364.79567015269157
2025-12-16 20:00:00,363.4244941242626
2025-12-16 21:00:00,361.67643165866167
2025-12-16 22:00:00,360.76462784899076
2025-12-16 23:00:00,358.80494404016906
2025-12-17 00:00:00,360.68518773509567
2025-12-17 01:00:00,359.0052981659869
2025-12-17 02:00:00,357.01235887190103
2025-12-17 03:00:00,359.0291965137959
2025-12-17 04:00:00,362.0328124321595
2025-12-17 05:00:00,361.0010685210677
2025-12-17 06:00:00,358.9109897286792
2025-12-17 07:00:00,356.2641030827535
2025-12-17 08:00:00,360.3343897042502
2025-12-17 09:00:00,360.7659405041048
2025-12-17 10:00:00,359.9123956539554
2025-12-17 11:00:00,355.36371617942876
2025-12-17 12:00:00,354.01765139954307
2025-12-17 13:00:00,347.7538468982991
2025-12-17 14:00:00,335.4474127750286
2025-12-17 15:00:00,334.21885638328877
2025-12-17 16:00:00,334.90971569090834
2025-12-17 17:00:00,335.1059606752071
2025-12-17 18:00:00,336.0764402916461
2025-12-17 19:00:00,334.8394554647414
2025-12-17 20:00:00,334.2443745603407
2025-12-17 21:00:00,335.16359171790685
2025-12-17 22:00:00,332.17601028812425
2025-12-17 23:00:00,332.2947618973483
2025-12-18 00:00:00,331.7200598453644
2025-12-18 01:00:00,333.67948801812076
2025-12-18 02:00:00,329.5287796631998
2025-12-18 03:00:00,331.40257961500583
2025-12-18 04:00:00,329.91616734205707
2025-12-18 05:00:00,334.2602191390355
2025-12-18 06:00:00,331.4663612810241
2025-12-18 07:00:00,329.3344366523547
2025-12-18 08:00:00,326.642272796782
2025-12-18 09:00:00,323.6211308181535
2025-12-18 10:00:00,321.5644421508647
2025-12-18 11:00:00,320.87420951942516
2025-12-18 12:00:00,318.74000910907995
2025-12-18 13:00:00,302.5962070028071
2025-12-18 14:00:00,303.55912579600164
2025-12-18 15:00:00,300.7120091938352
2025-12-18 16:00:00,300.1718885699504
2025-12-18 17:00:00,301.3819345968576
2025-12-18 18:00:00,300.95473982269453
2025-12-18 19:00:00,301.8759782591282
2025-12-18 20:00:00,301.2929192361329
2025-12-18 21:00:00,297.5044383910994
2025-12-18 22:00:00,297.3940095262902
2025-12-18 23:00:00,298.3059361466645
2025-12-19 00:00:00,297.88986103004385
2025-12-19 01:00:00,299.1858508829302
2025-12-19 02:00:00,297.8001751837644
2025-12-19 03:00:00,288.078491535041
2025-12-19 04:00:00,285.88731911307457
2025-12-19 05:00:00,286.3846781939791
2025-12-19 06:00:00,283.46707207224375
2025-12-19 07:00:00,280.5164793657393
2025-12-19 08:00:00,279.2657940174097
2025-12-19 09:00:00,279.1670629303749
2025-12-19 10:00:00,278.2778997384039
2025-12-19 11:00:00,276.36235341858287
2025-12-19 12:00:00,275.2757128208192
2025-12-19 13:00:00,274.57818505318335
2025-12-19 14:00:00,271.1792787253549
2025-12-19 15:00:00,271.6714836402256
2025-12-19 16:00:00,268.98311729597623
2025-12-19 17:00:00,271.5983678433503
2025-12-19 18:00:00,267.6454739866669
2025-12-19 19:00:00,263.4893519603472
2025-12-19 20:00:00,262.53104417475953
2025-12-19 21:00:00,263.143610600536
2025-12-19 22:00:00,262.44493123900156
2025-12-19 23:00:00,262.4407939472043
2025-12-20 00:00:00,262.10516756106415
2025-12-20 01:00:00,262.0895585215503
2025-12-20 02:00:00,261.5830187165959
2025-12-20 03:00:00,260.616094350247
2025-12-20 04:00:00,260.3095356860465
2025-12-20 05:00:00,259.4820144947223
2025-12-20 06:00:00,259.17240346887576
2025-12-20 07:00:00,259.0110303703584
2025-12-20 08:00:00,258.4357800601468
2025-12-20 09:00:00,258.5521937031112
2025-12-20 10:00:00,256.61468794028815
2025-12-20 11:00:00,256.9854420021527
2025-12-20 12:00:00,255.21492115769522
2025-12-20 13:00:00,253.58187536058873
2025-12-20 14:00:00,253.50445963725892
2025-12-20 15:00:00,251.95610115487523
2025-12-20 16:00:00,251.02323125004904
2025-12-20 17:00:00,249.78071480728573
2025-12-20 18:00:00,249.44815179555633
2025-12-20 19:00:00,248.46940331469673
2025-12-20 20:00:00,248.25806173842884
2025-12-20 21:00:00,246.9762883991161
2025-12-20 22:00:00,246.12894737810132
2025-12-20 23:00:00,244.96379911022711
2025-12-21 00:00:00,244.6186757610352
2025-12-21 01:00:00,240.8002074155998
2025-12-21 02:00:00,238.81512703788536
2025-12-21 03:00:00,239.54295981854062
2025-12-21 04:00:00,238.39685043068135
2025-12-21 05:00:00,237.85801234672343
2025-12-21 06:00:00,237.7713704257176
2025-12-21 07:00:00,237.5365620255183
2025-12-21 08:00:00,239.017258717563
2025-12-21 09:00:00,239.83960606695805
2025-12-21 10:00:00,237.57386859879713
2025-12-21 11:00:00,236.61975506707793
2025-12-21 12:00:00,235.49722802978866
2025-12-21 13:00:00,229.7010306777139
2025-12-21 14:00:00,230.3543482514003
2025-12-21 15:00:00,229.97644573143677
2025-12-21 16:00:00,230.29438760820588
2025-12-21 17:00:00,230.04223836078512
2025-12-21 18:00:00,229.92392303306835
2025-12-21 19:00:00,229.73698507063781
2025-12-21 20:00:00,229.71922716945534
2025-12-21 21:00:00,230.01115646069908
2025-12-21 22:00:00,227.802496482551
2025-12-21 23:00:00,226.83041723066503
2025-12-22 00:00:00,225.66678790235986
2025-12-22 01:00:00,225.13420119838926
2025-12-22 02:00:00,225.14651425863968
2025-12-22 03:00:00,223.51952619950376
2025-12-22 04:00:00,222.98372390815004
2025-12-22 05:00:00,222.47928602666423
2025-12-22 06:00:00,222.12049031044202
2025-12-22 07:00:00,221.14797100457793
2025-12-22 08:00:00,220.70640960800748
2025-12-22 09:00:00,219.70101374269714
2025-12-22 10:00:00,219.1065889820589
2025-12-22 11:00:00,218.16171879532925
2025-12-22 12:00:00,217.6188660740265
2025-12-22 13:00:00,216.40652149349555
2025-12-22 14:00:00,216.25104792990848
2025-12-22 15:00:00,215.35317603077706
2025-12-22 16:00:00,214.81843736023887
2025-12-22 17:00:00,214.14904569556927
2025-12-22 18:00:00,213.03771040176483
2025-12-22 19:00:00,208.89105255646174
2025-12-22 20:00:00,208.07309738960794
2025-12-22 21:00:00,208.23027182336622
2025-12-22 22:00:00,209.8646638681891
2025-12-22 23:00:00,208.89167448099926
2025-12-23 00:00:00,209.3892062795861
2025-12-23 01:00:00,208.1444925363753
2025-12-23 02:00:00,206.17323938557095
2025-12-23 03:00:00,206.00189826436593
2025-12-23 04:00:00,204.3726232308132
2025-12-23 05:00:00,203.17175546317563
2025-12-23 06:00:00,201.505415294115
2025-12-23 07:00:00,201.27821833864357
2025-12-23 08:00:00,200.9454245077056
2025-12-23 09:00:00,200.7585337867686
2025-12-23 10:00:00,200.80083632227604
2025-12-23 11:00:00,200.67797998200425
2025-12-23 12:00:00,200.30705322187873
2025-12-23 13:00:00,199.99086611739202
2025-12-23 14:00:00,200.0672048509024
2025-12-23 15:00:00,199.65616355224847
2025-12-23 16:00:00,198.44134630294397
2025-12-23 17:00:00,199.54124380277588
2025-12-23 18:00:00,198.15243271719945
2025-12-23 19:00:00,197.94842966053974
2025-12-23 20:00:00,197.0263036003946
2025-12-23 21:00:00,196.74276491493455
2025-12-23 22:00:00,196.37937047325076
2025-12-23 23:00:00,196.24306929004496
2025-12-24 00:00:00,195.38478528793215
2025-12-24 01:00:00,195.48051151050637
2025-12-24 02:00:00,196.97595002363744
2025-12-24 03:00:00,195.65095854031375
2025-12-24 04:00:00,196.8023362907383
2025-12-24 05:00:00,197.30469474003127
2025-12-24 06:00:00,196.48807477614696
2025-12-24 07:00:00,196.31422047840832
2025-12-24 08:00:00,196.1294285432342
2025-12-24 09:00:00,195.4922969861398
2025-12-24 10:00:00,194.39514550402532
2025-12-24 11:00:00,193.37310936608725
2025-12-24 12:00:00,192.03798873391938
2025-12-24 13:00:00,192.76451920428426
2025-12-24 14:00:00,193.71765835337268
2025-12-24 15:00:00,191.7874254865651
2025-12-24 16:00:00,191.19626326395024
2025-12-24 17:00:00,192.1092111036836
2025-12-24 18:00:00,190.97846373108598
2025-12-24 19:00:00,189.77883782593912
2025-12-24 20:00:00,189.32522802108016
2025-12-24 21:00:00,188.18044440501478
2025-12-24 22:00:00,186.34922136740187
2025-12-24 23:00:00,187.24874712851593
2025-12-25 00:00:00,187.65542975111885
2025-12-25 01:00:00,185.8885117379832
2025-12-25 02:00:00,184.44479313213958
2025-12-25 03:00:00,184.44638542119006
2025-12-25 04:00:00,183.84175851691086
2025-12-25 05:00:00,183.94958714073414
2025-12-25 06:00:00,182.94257782905945
2025-12-25 07:00:00,182.75934394323343
2025-12-25 08:00:00,183.11248795674894
2025-12-25 09:00:00,183.1138889258299
2025-12-25 10:00:00,184.4171632448602
2025-12-25 11:00:00,183.4118599363981
2025-12-25 12:00:00,182.4370798973441
2025-12-25 13:00:00,182.13863774281927
2025-12-25 14:00:00,181.8353490396369
2025-12-25 15:00:00,179.32360057354356
2025-12-25 16:00:00,179.30616494887477
2025-12-25 17:00:00,178.56805507398383
2025-12-25 18:00:00,178.27506841681017
2025-12-25 19:00:00,177.56642103881046
2025-12-25 20:00:00,177.1567873937092
2025-12-25 21:00:00,176.3482265136206
2025-12-25 22:00:00,176.35238879068896
2025-12-25 23:00:00,175.98321199745644
2025-12-26 00:00:00,176.35318693125745
2025-12-26 01:00:00,175.72105685642273
2025-12-26 02:00:00,173.88366484416386
2025-12-26 03:00:00,173.41562239598363
2025-12-26 04:00:00,173.03992823159507
2025-12-26 05:00:00,172.76265443061612
2025-12-26 06:00:00,172.23188889236982
2025-12-26 07:00:00,171.5219784139808
2025-12-26 08:00:00,171.34027446686642
2025-12-26 09:00:00,171.48692845567018
2025-12-26 10:00:00,171.08310652364852
2025-12-26 11:00:00,170.40030880933404
2025-12-26 12:00:00,169.64383963022752
2025-12-26 13:00:00,169.60612179039902
2025-12-26 14:00:00,166.7381757831653
2025-12-26 15:00:00,166.08263059813987
2025-12-26 16:00:00,166.07667177849802
2025-12-26 17:00:00,165.6531724594868
2025-12-26 18:00:00,165.09060401123486
2025-12-26 19:00:00,164.35862070439094
2025-12-26 20:00:00,163.8884129223782
2025-12-26 21:00:00,163.6312741177281
2025-12-26 22:00:00,162.84965263149726
2025-12-26 23:00:00,162.56743211303584
2025-12-27 00:00:00,162.06973364084436
2025-12-27 01:00:00,161.11273057860245
2025-12-27 02:00:00,160.4691668110111
2025-12-27 03:00:00,159.46823892247713
2025-12-27 04:00:00,159.78008451702783
2025-12-27 05:00:00,159.2854555276293
2025-12-27 06:00:00,159.02739824786204
2025-12-27 07:00:00,158.6511070217961
2025-12-27 08:00:00,158.41841766791842
2025-12-27 09:00:00,157.75306156924597
2025-12-27 10:00:00,157.61396306306148
2025-12-27 11:00:00,156.65788232027657
2025-12-27 12:00:00,156.41370089413698
2025-12-27 13:00:00,155.99570069243416
2025-12-27 14:00:00,155.29326377139031
2025-12-27 15:00:00,155.43761652774145
2025-12-27 16:00:00,155.30882603504577
2025-12-27 17:00:00,154.9621782033948
2025-12-27 18:00:00,154.6574326579898
2025-12-27 19:00:00,154.17071345129912
2025-12-27 20:00:00,154.29047953126434
2025-12-27 21:00:00,154.5978507668445
2025-12-27 22:00:00,154.01929675872904
2025-12-27 23:00:00,154.96314699603084
2025-12-28 00:00:00,154.02077966232451
2025-12-28 01:00:00,153.34832744773234
2025-12-28 02:00:00,152.94054111270017
2025-12-28 03:00:00,152.41334931918146
2025-12-28 04:00:00,152.1398130760187
2025-12-28 05:00:00,151.77361545287974
2025-12-28 06:00:00,151.71963329182
2025-12-28 07:00:00,151.14878930522633
2025-12-28 08:00:00,150.80405527290384
2025-12-28 09:00:00,149.58271557352452
2025-12-28 10:00:00,149.74478015074325
2025-12-28 11:00:00,149.3795297837483
2025-12-28 12:00:00,148.61159273207
2025-12-28 13:00:00,148.51466823687454
2025-12-28 14:00:00,148.69666047598014
2025-12-28 15:00:00,148.17737492956422
2025-12-28 16:00:00,147.56293452314426
2025-12-28 17:00:00,147.16725402491238
2025-12-28 18:00:00,144.13159276906592
2025-12-28 19:00:00,143.66640790192895
2025-12-28 20:00:00,143.08835783927304
2025-12-28 21:00:00,143.05265997006774
2025-12-28 22:00:00,143.77369341004825
2025-12-28 23:00:00,143.96637335627995
2025-12-29 00:00:00,145.5098709278881
2025-12-29 01:00:00,146.5201889500733
2025-12-29 02:00:00,147.6217702926075
2025-12-29 03:00:00,150.2988684595844
2025-12-29 04:00:00,149.6837040223621
2025-12-29 05:00:00,148.26951946745433
2025-12-29 06:00:00,147.24022527617987
2025-12-29 07:00:00,146.28434553548124
2025-12-29 08:00:00,144.97190594429588
2025-12-29 09:00:00,140.70656942152206
2025-12-29 10:00:00,140.36062253612113
2025-12-29 11:00:00,139.17139242290085
2025-12-29 12:00:00,137.0907523051143
2025-12-29 13:00:00,136.30724829292424
2025-12-29 14:00:00,136.35574855310054
2025-12-29 15:00:00,136.6543539196588
2025-12-29 16:00:00,135.61240784983502
2025-12-29 17:00:00,135.71228335158816
2025-12-29 18:00:00,134.30121526191695
2025-12-29 19:00:00,134.1206634966602
2025-12-29 20:00:00,133.65641360275475
2025-12-29 21:00:00,133.69732612449496
2025-12-29 22:00:00,133.5437274850997
2025-12-29 23:00:00,133.1875574446745
2025-12-30 00:00:00,133.01585981134505
2025-12-30 01:00:00,132.84464180180203
2025-12-30 02:00:00,132.61070586635498
2025-12-30 03:00:00,132.90004367939093
2025-12-30 04:00:00,132.7738674124245
2025-12-30 05:00:00,132.4290885376168
2025-12-30 06:00:00,132.2688213952318
2025-12-30 07:00:00,132.18690741177468
2025-12-30 08:00:00,132.24972215625837
2025-12-30 09:00:00,132.02457283572227
2025-12-30 10:00:00,131.90471862162713
2025-12-30 11:00:00,131.66712734862162
2025-12-30 12:00:00,131.09781703098045
2025-12-30 13:00:00,130.58733811418236
2025-12-30 14:00:00,129.9694379830913
2025-12-30 15:00:00,129.45392996326655
2025-12-30 16:00:00,129.39584050188003
2025-12-30 17:00:00,129.02836985963708
2025-12-30 18:00:00,128.66168618981285
2025-12-30 19:00:00,128.32112710662608
2025-12-30 20:00:00,128.26248732195066
2025-12-30 21:00:00,127.58404823191006
2025-12-30 22:00:00,127.15625331774258
2025-12-30 23:00:00,126.77226050644394
2025-12-31 00:00:00,126.79882021245253
2025-12-31 01:00:00,125.79023149431114
2025-12-31 02:00:00,125.58762527647202
2025-12-31 03:00:00,125.687309656188
2025-12-31 04:00:00,125.22099151720053
2025-12-31 05:00:00,124.98709503283528
2025-12-31 06:00:00,124.84819178391415
2025-12-31 07:00:00,124.63588596396141
2025-12-31 08:00:00,124.58979545556964
2025-12-31 09:00:00,124.06260026304153
2025-12-31 10:00:00,123.8748583874354
2025-12-31 11:00:00,122.8964544031559
2025-12-31 12:00:00,122.70619876052278
2025-12-31 13:00:00,122.40724354623849
2025-12-31 14:00:00,122.05682566838
2025-12-31 15:00:00,122.2790489114761
2025-12-31 16:00:00,123.1694036500869
2025-12-31 17:00:00,123.1061386209974
2025-12-31 18:00:00,122.80880872721438
2025-12-31 19:00:00,122.59362952388312
2025-12-31 20:00:00,121.9814109204226
2025-12-31 21:00:00,121.587661273019
2025-12-31 22:00:00,121.45036990191339
2025-12-31 23:00:00,121.03002090583905
2026-01-01 00:00:00,121.03688826373129
2026-01-01 01:00:00,121.06659423532082
2026-01-01 02:00:00,120.85701063762416
2026-01-01 03:00:00,120.64225633456145
2026-01-01 04:00:00,120.27550029525672
2026-01-01 05:00:00,119.35985265357574
2026-01-01 06:00:00,118.94947521395386
2026-01-01 07:00:00,118.44729996288346
2026-01-01 08:00:00,117.78856109775337
2026-01-01 09:00:00,117.41275115035405
2026-01-01 10:00:00,117.08833788662774
2026-01-01 11:00:00,116.79557184485665
2026-01-01 12:00:00,116.50116114865084
2026-01-01 13:00:00,115.85670275150557
2026-01-01 14:00:00,115.60750309698574
2026-01-01 15:00:00,114.57382498156126
2026-01-01 16:00:00,114.36216845525924
2026-01-01 17:00:00,114.84424653679355
2026-01-01 18:00:00,114.95354447769498
2026-01-01 19:00:00,115.37966406633383
2026-01-01 20:00:00,114.90000651922446
2026-01-01 21:00:00,114.7179565692246
2026-01-01 22:00:00,114.77501036633089
2026-01-01 23:00:00,114.32920575898025
2026-01-02 00:00:00,113.89522035195859
2026-01-02 01:00:00,113.63175614998113
2026-01-02 02:00:00,113.46617768764462
2026-01-02 03:00:00,113.28433410253012
2026-01-02 04:00:00,112.55262772597281
2026-01-02 05:00:00,112.46219491763328
2026-01-02 06:00:00,112.25209571724814
2026-01-02 07:00:00,111.54432909411263
2026-01-02 08:00:00,111.605825164461
2026-01-02 09:00:00,112.82862405573637
2026-01-02 10:00:00,112.53077316102923
2026-01-02 11:00:00,111.51169076262056
2026-01-02 12:00:00,112.16437909232877
2026-01-02 13:00:00,111.71587537796614
2026-01-02 14:00:00,112.72560378392313
2026-01-02 15:00:00,112.83133792564442
2026-01-02 16:00:00,116.58970401783394
2026-01-02 17:00:00,116.86944449462412
2026-01-02 18:00:00,115.22752878195585
2026-01-02 19:00:00,116.87448659265462
2026-01-02 20:00:00,115.6931169106666
2026-01-02 21:00:00,117.67329193804959
2026-01-02 22:00:00,118.4716531767779
2026-01-02 23:00:00,117.46911948834509
2026-01-03 00:00:00,117.60673302827456
2026-01-03 01:00:00,117.30863680077489
2026-01-03 02:00:00,117.43593866739786
2026-01-03 03:00:00,118.14005806992104
2026-01-03 04:00:00,117.02648277450172
2026-01-03 05:00:00,115.76977116932694
2026-01-03 06:00:00,114.32115288024265
2026-01-03 07:00:00,112.35522435590977
2026-01-03 08:00:00,112.93139796388637
2026-01-03 09:00:00,113.43964957962146
2026-01-03 10:00:00,112.86134101796362
2026-01-03 11:00:00,112.38130383750342
2026-01-03 12:00:00,112.81424605503938
2026-01-03 13:00:00,112.529060189707
2026-01-03 14:00:00,112.09402663427218
2026-01-03 15:00:00,111.2565394279164
2026-01-03 16:00:00,111.39696950616391
2026-01-03 17:00:00,111.08618543832931
2026-01-03 18:00:00,111.12162590053373
2026-01-03 19:00:00,110.53245981502631
2026-01-03 20:00:00,110.39221953864627
2026-01-03 21:00:00,110.38888195342133
2026-01-03 22:00:00,110.55027855428955
2026-01-03 23:00:00,110.30268709674422
2026-01-04 00:00:00,112.0215066890352
2026-01-04 01:00:00,111.30893887119922
2026-01-04 02:00:00,110.67290202007747
2026-01-04 03:00:00,112.08919756176896
2026-01-04 04:00:00,112.02152655713388
2026-01-04 05:00:00,112.16658663971944
2026-01-04 06:00:00,110.77805564816957
2026-01-04 07:00:00,111.00149053310942
2026-01-04 08:00:00,110.89666245140953
2026-01-04 09:00:00,111.26296011893336
2026-01-04 10:00:00,111.059522445722
2026-01-04 11:00:00,110.88235958821024
2026-01-04 12:00:00,110.8685628504928
2026-01-04 13:00:00,110.72776834789877
2026-01-04 14:00:00,110.01211010757027
2026-01-04 15:00:00,110.04960531592414
2026-01-04 16:00:00,110.540814728662
2026-01-04 17:00:00,110.18016017597644
2026-01-04 18:00:00,108.90651201386585
2026-01-04 19:00:00,108.07271723686422
2026-01-04 20:00:00,108.23991886512188
2026-01-04 21:00:00,108.19212827922864
2026-01-04 22:00:00,107.5800901733331
2026-01-04 23:00:00,107.59909059195459
2026-01-05 00:00:00,108.46864443037647
2026-01-05 01:00:00,110.05878602397624
2026-01-05 02:00:00,109.38165684892918
2026-01-05 03:00:00,108.8164606051116
2026-01-05 04:00:00,106.97455849120915
2026-01-05 05:00:00,106.10065919556759
2026-01-05 06:00:00,106.5359500375598
2026-01-05 07:00:00,106.49019211669169
2026-01-05 08:00:00,105.5869130532263
2026-01-05 09:00:00,104.67063035803018
2026-01-05 10:00:00,104.89684028715787
2026-01-05 11:00:00,104.98532160175809
2026-01-05 12:00:00,104.40828520822238
2026-01-05 13:00:00,103.07182986154346
2026-01-05 14:00:00,104.62085528656672
2026-01-05 15:00:00,106.08856932571105
2026-01-05 16:00:00,105.81956511779127
2026-01-05 17:00:00,106.93175872478675
2026-01-05 18:00:00,108.08504477750597
2026-01-05 19:00:00,107.43882269553936
2026-01-05 20:00:00,108.32737707355533
2026-01-05 21:00:00,108.50747267444231
2026-01-05 22:00:00,108.73562521294579
2026-01-05 23:00:00,107.45785934632676
2026-01-06 00:00:00,107.3778645521891
2026-01-06 01:00:00,106.7042456753955
2026-01-06 02:00:00,106.21007185452088
2026-01-06 03:00:00,106.80975590482099
2026-01-06 04:00:00,106.33843210213162
2026-01-06 05:00:00,105.7936981695582
2026-01-06 06:00:00,106.18573437189646
2026-01-06 07:00:00,103.6525251163376
2026-01-06 08:00:00,103.53809609050526
2026-01-06 09:00:00,103.96010113307055
2026-01-06 10:00:00,104.09653925018335
2026-01-06 11:00:00,104.67809181132274
2026-01-06 12:00:00,104.88028397227139
2026-01-06 13:00:00,104.281630157854
2026-01-06 14:00:00,105.63333176466614
2026-01-06 15:00:00,103.97252895320221
2026-01-06 16:00:00,100.91867603790983
2026-01-06 17:00:00,97.50477757511761
2026-01-06 18:00:00,98.61629954890563
2026-01-06 19:00:00,98.29087732186484
2026-01-06 20:00:00,98.85985307783538
2026-01-06 21:00:00,99.09299727749985
2026-01-06 22:00:00,98.87833023512044
2026-01-06 23:00:00,99.00078738854747
2026-01-07 00:00:00,98.23657332992158
2026-01-07 01:00:00,97.63505993587174
2026-01-07 02:00:00,97.75797296289572
2026-01-07 03:00:00,97.20692461255433
2026-01-07 04:00:00,96.70693566705927
2026-01-07 05:00:00,96.34167597326682
2026-01-07 06:00:00,96.25062089303796
2026-01-07 07:00:00,96.04509815604241
2026-01-07 08:00:00,95.25054658504642
2026-01-07 09:00:00,94.04621843303703
2026-01-07 10:00:00,94.22307906029098
2026-01-07 11:00:00,94.07578123032124
2026-01-07 12:00:00,93.31046865844607
2026-01-07 13:00:00,92.89638299733866
2026-01-07 14:00:00,92.18246043633432
2026-01-07 15:00:00,91.7192431751627
2026-01-07 16:00:00,91.32223269518552
2026-01-07 17:00:00,91.30751290016607
2026-01-07 18:00:00,91.1699019840641
2026-01-07 19:00:00,90.97939279776409
2026-01-07 20:00:00,90.91197899108917
2026-01-07 21:00:00,90.7683203347187
2026-01-07 22:00:00,90.74678125229137
2026-01-07 23:00:00,90.49629208013101
2026-01-08 00:00:00,90.22775851393668
2026-01-08 01:00:00,89.99093424935997
2026-01-08 02:00:00,90.06586905720032
2026-01-08 03:00:00,90.24863633230656
2026-01-08 04:00:00,89.70363838209492
2026-01-08 05:00:00,89.93852854862075
2026-01-08 06:00:00,91.46311721680325
2026-01-08 07:00:00,90.25542839772068
2026-01-08 08:00:00,90.63494641733169
2026-01-08 09:00:00,91.17197264102806
2026-01-08 10:00:00,90.08267142347235
2026-01-08 11:00:00,90.43846394181787
2026-01-08 12:00:00,91.04919037903139
2026-01-08 13:00:00,90.80668519286922
2026-01-08 14:00:00,90.66442812731984
2026-01-08 15:00:00,88.77862446977313
2026-01-08 16:00:00,88.36580023657658
2026-01-08 17:00:00,87.83338218745465
2026-01-08 18:00:00,88.541530487265
2026-01-08 19:00:00,88.67489555589877
2026-01-08 20:00:00,88.62113259459598
2026-01-08 21:00:00,87.31096396800989
2026-01-08 22:00:00,87.30732494559726
2026-01-08 23:00:00,87.54273017866294
2026-01-09 00:00:00,86.95082176847538
2026-01-09 01:00:00,87.35487751597164
2026-01-09 02:00:00,87.08098051421176
2026-01-09 03:00:00,85.9663079458763
2026-01-09 04:00:00,86.19091838340529
2026-01-09 05:00:00,85.67802082564037
2026-01-09 06:00:00,85.18930289785968
2026-01-09 07:00:00,85.81487303290602
2026-01-09 08:00:00,87.28517700814426
2026-01-09 09:00:00,86.63888759788694
2026-01-09 10:00:00,86.26856703738802
2026-01-09 11:00:00,86.13789832905519
2026-01-09 12:00:00,86.24000831041421
2026-01-09 13:00:00,85.4094826366928
2026-01-09 14:00:00,86.00897176555935
2026-01-09 15:00:00,83.8596866067647
2026-01-09 16:00:00,83.09450121558321
2026-01-09 17:00:00,83.164860055336
2026-01-09 18:00:00,83.4156508104477
2026-01-09 19:00:00,83.67502165652473
2026-01-09 20:00:00,83.40865839043941
2026-01-09 21:00:00,82.72645434571514
2026-01-09 22:00:00,82.41812685854218
2026-01-09 23:00:00,82.39572679091881
2026-01-10 00:00:00,82.42124102504067
2026-01-10 01:00:00,82.00486763498022
2026-01-10 02:00:00,82.02095858830637
2026-01-10 03:00:00,81.76369080698237
2026-01-10 04:00:00,81.77335210704334
2026-01-10 05:00:00,81.47031652939563
2026-01-10 06:00:00,81.24603712982116
2026-01-10 07:00:00,80.52322668236091
2026-01-10 08:00:00,80.56049516639841
2026-01-10 09:00:00,79.94226901941565
2026-01-10 10:00:00,79.61987522508679
2026-01-10 11:00:00,79.41073952367205
2026-01-10 12:00:00,78.98717883599997
2026-01-10 13:00:00,79.04517203465909
2026-01-10 14:00:00,79.20558111285163
2026-01-10 15:00:00,78.9225716785716
2026-01-10 16:00:00,78.72706418465819
2026-01-10 17:00:00,78.71515899831383
2026-01-10 18:00:00,78.4246276927705
2026-01-10 19:00:00,77.92810558253281
2026-01-10 20:00:00,77.8620576143668
2026-01-10 21:00:00,77.97872008762639
2026-01-10 22:00:00,78.30818704993237
2026-01-10 23:00:00,77.82013426643388
2026-01-11 00:00:00,77.56894968122478
2026-01-11 01:00:00,77.36797732330872
2026-01-11 02:00:00,77.2979700598107
2026-01-11 03:00:00,77.02762561043608
2026-01-11 04:00:00,76.7428166801995
2026-01-11 05:00:00,76.48030347953065
2026-01-11 06:00:00,76.24661964622933
2026-01-11 07:00:00,75.88896468175626
2026-01-11 08:00:00,75.79790620408278
2026-01-11 09:00:00,75.62834093046342
2026-01-11 10:00:00,75.36853304480007
2026-01-11 11:00:00,75.25872803769552
2026-01-11 12:00:00,75.31455054662489
2026-01-11 13:00:00,74.86067498362259
2026-01-11 14:00:00,74.71759543799392
2026-01-11 15:00:00,73.54075321282022
2026-01-11 16:00:00,73.87344335678094
2026-01-11 17:00:00,73.64171363093186
2026-01-11 18:00:00,73.37540649107828
2026-01-11 19:00:00,72.83441200225123
2026-01-11 20:00:00,71.94734694717746
2026-01-11 21:00:00,72.09880685040514
2026-01-11 22:00:00,71.17687770341847
2026-01-11 23:00:00,71.60322199659856
2026-01-12 00:00:00,71.54469089015564
2026-01-12 01:00:00,71.75740213821749
2026-01-12 02:00:00,73.17544490968623
2026-01-12 03:00:00,72.28442438039153
2026-01-12 04:00:00,72.58861089359819
2026-01-12 05:00:00,72.19242804522129
2026-01-12 06:00:00,71.39883361557081
2026-01-12 07:00:00,70.20154194604162
2026-01-12 08:00:00,69.29020453512301
2026-01-12 09:00:00,68.97112335378361
2026-01-12 10:00:00,68.56923143285788
2026-01-12 11:00:00,68.5025964591278
2026-01-12 12:00:00,68.43518129515881
2026-01-12 13:00:00,68.29221039726649
2026-01-12 14:00:00,67.78215709246622
2026-01-12 15:00:00,67.8487994844146
2026-01-12 16:00:00,67.59940695218572
2026-01-12 17:00:00,67.2652811252491
2026-01-12 18:00:00,67.05106664196008
2026-01-12 19:00:00,66.89480880668265
2026-01-12 20:00:00,66.77598151595312
2026-01-12 21:00:00,66.7143790276031
2026-01-12 22:00:00,66.47009507642325
2026-01-12 23:00:00,66.40258426934082
2026-01-13 00:00:00,66.14236537094472
2026-01-13 01:00:00,65.83564249705981
2026-01-13 02:00:00,65.85036741398396
2026-01-13 03:00:00,65.7058497985183
2026-01-13 04:00:00,65.3258029104099
2026-01-13 05:00:00,64.86475191227215
2026-01-13 06:00:00,64.69529839766729
2026-01-13 07:00:00,64.7574336963819
2026-01-13 08:00:00,64.1564211422841
2026-01-13 09:00:00,64.02528723716496
2026-01-13 10:00:00,63.91910480881872
2026-01-13 11:00:00,63.77402392802615
2026-01-13 12:00:00,63.738187339237356
2026-01-13 13:00:00,63.653240780594246
2026-01-13 14:00:00,63.68292901616039
2026-01-13 15:00:00,63.63412015433272
2026-01-13 16:00:00,63.665657215385885
2026-01-13 17:00:00,63.37187942125375
2026-01-13 18:00:00,63.29995800607941
2026-01-13 19:00:00,63.452190282963265
2026-01-13 20:00:00,63.198989132985446
2026-01-13 21:00:00,63.09880224819094
2026-01-13 22:00:00,65.1273829884176
2026-01-13 23:00:00,64.47213912274742
2026-01-14 00:00:00,64.34634713637305
2026-01-14 01:00:00,64.2596592670272
2026-01-14 02:00:00,64.0899378563502
2026-01-14 03:00:00,64.46030897403473
2026-01-14 04:00:00,63.76110626775837
2026-01-14 05:00:00,63.38135254200007
2026-01-14 06:00:00,63.44438252185557
2026-01-14 07:00:00,63.2089580529157
2026-01-14 08:00:00,62.876657749069714
2026-01-14 09:00:00,62.87692036643656
2026-01-14 10:00:00,62.401100303697305
2026-01-14 11:00:00,61.5959080812453
2026-01-14 12:00:00,61.84060696140378
2026-01-14 13:00:00,61.28762348262493
2026-01-14 14:00:00,62.79056314648093
2026-01-14 15:00:00,62.86466756956079
2026-01-14 16:00:00,63.030850083577825
2026-01-14 17:00:00,61.92496681002967
2026-01-14 18:00:00,61.4773111302093
2026-01-14 19:00:00,61.85658516673453
2026-01-14 20:00:00,61.931422541167585
2026-01-14 21:00:00,61.610004495986864
2026-01-14 22:00:00,60.80713274388108
2026-01-14 23:00:00,60.90209074970814
2026-01-15 00:00:00,60.22169831960193
2026-01-15 01:00:00,59.436399443934114
2026-01-15 02:00:00,58.64809778704541
2026-01-15 03:00:00,57.54292226450212
2026-01-15 04:00:00,57.97216583369424
2026-01-15 05:00:00,57.87603339229622
2026-01-15 06:00:00,57.50562540729448
2026-01-15 07:00:00,57.94079215977829
2026-01-15 08:00:00,57.80491142806258
2026-01-15 09:00:00,58.08535695057287
2026-01-15 10:00:00,57.845670899938945
2026-01-15 11:00:00,57.48021509392775
2026-01-15 12:00:00,57.78801113540099
2026-01-15 13:00:00,57.777112629925135
2026-01-15 14:00:00,56.98474878727288
2026-01-15 15:00:00,56.66556783343176
2026-01-15 16:00:00,56.53735054335014
2026-01-15 17:00:00,56.189788969418544
2026-01-15 18:00:00,55.90133823447456
2026-01-15 19:00:00,55.77164675005588
2026-01-15 20:00:00,55.67368795271679
2026-01-15 21:00:00,55.69165779761798
2026-01-15 22:00:00,55.629237980438084
2026-01-15 23:00:00,55.5653052350295
2026-01-16 00:00:00,55.527107802870454
2026-01-16 01:00:00,55.49054989132737
2026-01-16 02:00:00,55.29752313597627
2026-01-16 03:00:00,55.23131076270548
2026-01-16 04:00:00,55.17474953477394
2026-01-16 05:00:00,55.16976125942513
2026-01-16 06:00:00,55.13418915413565
2026-01-16 07:00:00,55.06891429018507
2026-01-16 08:00:00,54.97811072158052
2026-01-16 09:00:00,54.94371652548604
2026-01-16 10:00:00,54.897431943505204
2026-01-16 11:00:00,54.801205054408165
2026-01-16 12:00:00,54.6504176084623
2026-01-16 13:00:00,54.68784977466568
2026-01-16 14:00:00,54.52910181513352
2026-01-16 15:00:00,55.225511355453705
2026-01-16 16:00:00,54.99831461569057
2026-01-16 17:00:00,54.61743624029832
2026-01-16 18:00:00,54.61091906782903
2026-01-16 19:00:00,54.401463520726494
2026-01-16 20:00:00,53.803587862068426
2026-01-16 21:00:00,53.71279740639245
2026-01-16 22:00:00,53.646250394502886
2026-01-16 23:00:00,53.57131057551084
2026-01-17 00:00:00,53.47313203658594
2026-01-17 01:00:00,53.35208658816034
2026-01-17 02:00:00,53.346368198260684
2026-01-17 03:00:00,53.22002514833684
2026-01-17 04:00:00,52.9193837921248
2026-01-17 05:00:00,52.801433368848706
2026-01-17 06:00:00,52.67848307216996
2026-01-17 07:00:00,52.42351272150807
2026-01-17 08:00:00,51.94907441149347
2026-01-17 09:00:00,51.874960628909136
2026-01-17 10:00:00,51.768952605581624
2026-01-17 11:00:00,51.64070222227339
2026-01-17 12:00:00,51.46522272086037
2026-01-17 13:00:00,51.11103574902566
2026-01-17 14:00:00,50.62508815958668
2026-01-17 15:00:00,50.33612126085038
2026-01-17 16:00:00,50.387994468294835
2026-01-17 17:00:00,50.25730901749208
2026-01-17 18:00:00,50.15999526149288
2026-01-17 19:00:00,50.04440539970566
2026-01-17 20:00:00,49.94407992024027
2026-01-17 21:00:00,49.7944247761294
2026-01-17 22:00:00,49.70457839809811
2026-01-17 23:00:00,49.6166269882113
2026-01-18 00:00:00,49.4566552831313
2026-01-18 01:00:00,49.216218681485394
2026-01-18 02:00:00,49.04024270595554
2026-01-18 03:00:00,48.91743089234346
2026-01-18 04:00:00,48.74074158773041
2026-01-18 05:00:00,48.60983759350401
2026-01-18 06:00:00,48.39303181909033
2026-01-18 07:00:00,48.228901423395875
2026-01-18 08:00:00,48.145693000496045
2026-01-18 09:00:00,48.018165011582255
2026-01-18 10:00:00,47.84531379605993
2026-01-18 11:00:00,47.68873246810992
2026-01-18 12:00:00,47.55883065713382
2026-01-18 13:00:00,47.44854138924186
2026-01-18 14:00:00,47.23692142536587
2026-01-18 15:00:00,47.352533632702716
2026-01-18 16:00:00,47.276199352172995
2026-01-18 17:00:00,47.17762460180434
2026-01-18 18:00:00,47.332004315501564
2026-01-18 19:00:00,47.057992527743885
2026-01-18 20:00:00,47.05714778701026
2026-01-18 21:00:00,46.9982938507823
2026-01-18 22:00:00,46.97616393356515
2026-01-18 23:00:00,45.81581939308203
2026-01-19 00:00:00,45.94400788956552
2026-01-19 01:00:00,45.85288655843588
2026-01-19 02:00:00,45.74711127187873
2026-01-19 03:00:00,45.73035978132628
2026-01-19 04:00:00,45.70178338795308
2026-01-19 05:00:00,45.60075201001826
2026-01-19 06:00:00,45.54809723510415
2026-01-19 07:00:00,45.52481549070524
2026-01-19 08:00:00,45.408963526078814
2026-01-19 09:00:00,45.35182053859787
2026-01-19 10:00:00,45.293705482041815
2026-01-19 11:00:00,45.24971272258081
2026-01-19 12:00:00,45.17470011029138
2026-01-19 13:00:00,45.105675010763875
2026-01-19 14:00:00,44.850552625047015
2026-01-19 15:00:00,44.840189905608284
2026-01-19 16:00:00,44.34462040662796
2026-01-19 17:00:00,44.35736692681884
2026-01-19 18:00:00,44.2294788470905
2026-01-19 19:00:00,43.86816559312594
2026-01-19 20:00:00,43.80638591982018
2026-01-19 21:00:00,43.91056967995016
2026-01-19 22:00:00,44.22211118929564
2026-01-19 23:00:00,43.812733422197006
2026-01-20 00:00:00,43.9045207837515
2026-01-20 01:00:00,43.86326423388396
2026-01-20 02:00:00,43.6469856570937
2026-01-20 03:00:00,43.658974175376585
2026-01-20 04:00:00,43.66222595290985
2026-01-20 05:00:00,43.44474354097339
2026-01-20 06:00:00,44.058267469569884
2026-01-20 07:00:00,44.065641903174686
2026-01-20 08:00:00,44.37030992359032
2026-01-20 09:00:00,44.326428410862455
2026-01-20 10:00:00,44.23759875961943
2026-01-20 11:00:00,44.356554228316625
2026-01-20 12:00:00,43.98927709975363
2026-01-20 13:00:00,44.3328625431869
2026-01-20 14:00:00,43.67172639425046
2026-01-20 15:00:00,43.861883681528525
2026-01-20 16:00:00,44.2551896217839
2026-01-20 17:00:00,44.30009863679399
2026-01-20 18:00:00,44.24692329721424
2026-01-20 19:00:00,43.97518377236181
2026-01-20 20:00:00,43.57163518857232
2026-01-20 21:00:00,43.85130629325595
2026-01-20 22:00:00,43.87321983241576
2026-01-20 23:00:00,43.93123783811698
2026-01-21 00:00:00,42.95218681275292
2026-01-21 01:00:00,42.805096394330974
2026-01-21 02:00:00,42.647807641371564
2026-01-21 03:00:00,42.52586436982926
2026-01-21 04:00:00,42.401348609953146
2026-01-21 05:00:00,41.94251481001317
2026-01-21 06:00:00,42.1812592027255
2026-01-21 07:00:00,42.19498815390198
2026-01-21 08:00:00,42.275642408887556
2026-01-21 09:00:00,42.15394978984539
2026-01-21 10:00:00,42.18365829846086
2026-01-21 11:00:00,42.5087710452206
2026-01-21 12:00:00,42.38489557308796
2026-01-21 13:00:00,42.485875238814636
2026-01-21 14:00:00,40.92774057387079
2026-01-21 15:00:00,40.71497790195043
2026-01-21 16:00:00,42.23831881379991
2026-01-21 17:00:00,41.89952678562121
2026-01-21 18:00:00,41.50006615021861
2026-01-21 19:00:00,39.405628690814694
2026-01-21 20:00:00,39.4225930640795
2026-01-21 21:00:00,39.23406668804626
2026-01-21 22:00:00,39.222762319751965
2026-01-21 23:00:00,39.36848326567037
2026-01-22 00:00:00,39.064546642451255
2026-01-22 01:00:00,38.89362919779216
2026-01-22 02:00:00,38.92622678374291
2026-01-22 03:00:00,38.777056238134534
2026-01-22 04:00:00,38.56274702886312
2026-01-22 05:00:00,38.41400007923709
2026-01-22 06:00:00,38.293624243800046
2026-01-22 07:00:00,38.27879616995812
2026-01-22 08:00:00,38.14380189582336
2026-01-22 09:00:00,38.00790137527419
2026-01-22 10:00:00,37.92799902783541
2026-01-22 11:00:00,37.78384311571135
2026-01-22 12:00:00,37.63422258281457
2026-01-22 13:00:00,37.666611767456786
2026-01-22 14:00:00,37.541496904137254
2026-01-22 15:00:00,37.50018563455223
2026-01-22 16:00:00,37.451352874242986
2026-01-22 17:00:00,37.19804953082339
2026-01-22 18:00:00,37.10939977286429
2026-01-22 19:00:00,36.94117365044044
2026-01-22 20:00:00,36.92401550704263
2026-01-22 21:00:00,36.84806459119535
2026-01-22 22:00:00,36.75589345633697
2026-01-22 23:00:00,36.69258789648365
2026-01-23 00:00:00,36.644554209872126
2026-01-23 01:00:00,36.604136066853584
2026-01-23 02:00:00,36.49271734050666
2026-01-23 03:00:00,36.44556023497922
2026-01-23 04:00:00,36.44485280139973
2026-01-23 05:00:00,36.28659803144671
2026-01-23 06:00:00,36.18270775780176
2026-01-23 07:00:00,36.009061536699974
2026-01-23 08:00:00,35.93631227387121
2026-01-23 09:00:00,35.912581744094496
2026-01-23 10:00:00,35.80659821816447
2026-01-23 11:00:00,35.72774888891186
2026-01-23 12:00:00,35.657380003796014
2026-01-23 13:00:00,35.65561523386879
2026-01-23 14:00:00,35.61970387112286
2026-01-23 15:00:00,35.33045731787846
2026-01-23 16:00:00,35.168527422983274
2026-01-23 17:00:00,35.03428278669333
2026-01-23 18:00:00,34.98696850840085
2026-01-23 19:00:00,34.71661161994036
2026-01-23 20:00:00,34.55867980157074
2026-01-23 21:00:00,34.46440662228433
2026-01-23 22:00:00,34.28755095414876
2026-01-23 23:00:00,34.23354130160417
2026-01-24 00:00:00,34.15228925672451
2026-01-24 01:00:00,34.054578645808505
2026-01-24 02:00:00,34.00746948034961
2026-01-24 03:00:00,33.835560698443125
2026-01-24 04:00:00,33.742609103534534
2026-01-24 05:00:00,33.668783229902054
2026-01-24 06:00:00,33.54764795201224
2026-01-24 07:00:00,33.53296077401442
2026-01-24 08:00:00,33.35021778563159
2026-01-24 09:00:00,33.30012669312292
2026-01-24 10:00:00,33.18596493137959
2026-01-24 11:00:00,33.09984587781081
2026-01-24 12:00:00,33.00752259339101
2026-01-24 13:00:00,33.019544158156506
2026-01-24 14:00:00,32.83689931628256
2026-01-24 15:00:00,32.813163297355786
2026-01-24 16:00:00,32.65472473096731
2026-01-24 17:00:00,32.53200971132075
2026-01-24 18:00:00,32.45340087779238
2026-01-24 19:00:00,32.390758917381326
2026-01-24 20:00:00,32.24488320411041
2026-01-24 21:00:00,32.17872062988677
2026-01-24 22:00:00,32.00692243242001
2026-01-24 23:00:00,32.017090065974536
2026-01-25 00:00:00,31.93674406182114
2026-01-25 01:00:00,31.950133881905064
2026-01-25 02:00:00,31.918923991024386
2026-01-25 03:00:00,31.96975287111848
2026-01-25 04:00:00,31.919802610894532
2026-01-25 05:00:00,31.832038329973617
2026-01-25 06:00:00,31.823836954012492
2026-01-25 07:00:00,31.801983424461465
2026-01-25 08:00:00,31.843843496747425
2026-01-25 09:00:00,31.699117455194063
2026-01-25 10:00:00,31.65399700341431
2026-01-25 11:00:00,31.619093203070946
2026-01-25 12:00:00,31.58394550792728
2026-01-25 13:00:00,31.551696278702607
2026-01-25 14:00:00,31.580741498307237
2026-01-25 15:00:00,31.5744188687883
2026-01-25 16:00:00,31.743391325974034
2026-01-25 17:00:00,31.760389614055626
2026-01-25 18:00:00,31.795884534539024
2026-01-25 19:00:00,31.93147845341665
2026-01-25 20:00:00,31.88813859737936
2026-01-25 21:00:00,31.80188782041077
2026-01-25 22:00:00,31.808364243521243
2026-01-25 23:00:00,31.746598279362267
2026-01-26 00:00:00,31.61905895202684
2026-01-26 01:00:00,31.454813544769852
2026-01-26 02:00:00,31.45409420230656
2026-01-26 03:00:00,31.412698558218143
2026-01-26 04:00:00,31.35037119404494
2026-01-26 05:00:00,31.290886567561376
2026-01-26 06:00:00,31.133980785762308
2026-01-26 07:00:00,31.093760040776246
2026-01-26 08:00:00,30.990920535423587
2026-01-26 09:00:00,31.102920653545347
2026-01-26 10:00:00,30.946887324866314
2026-01-26 11:00:00,30.883747130342396
2026-01-26 12:00:00,30.714225643271078
2026-01-26 13:00:00,30.48730523221777
2026-01-26 14:00:00,30.06270256364387
2026-01-26 15:00:00,30.098008156836446
2026-01-26 16:00:00,29.971723795524007
2026-01-26 17:00:00,29.946531123823604
2026-01-26 18:00:00,29.70316306888979
2026-01-26 19:00:00,29.799610513397994
2026-01-26 20:00:00,29.929771173686824
2026-01-26 21:00:00,29.53039349021517
2026-01-26 22:00:00,29.47304655104576
2026-01-26 23:00:00,29.414222395549405
2026-01-27 00:00:00,29.32993501833572
2026-01-27 01:00:00,29.14546268592472
2026-01-27 02:00:00,28.919920490190332
2026-01-27 03:00:00,28.900127650015754
2026-01-27 04:00:00,28.859770646868906
2026-01-27 05:00:00,28.796728623492957
2026-01-27 06:00:00,28.744014139234597
2026-01-27 07:00:00,28.637430124035824
2026-01-27 08:00:00,28.62824524944921
2026-01-27 09:00:00,28.649778203626237
2026-01-27 10:00:00,28.56760553525003
2026-01-27 11:00:00,28.464367674321828
2026-01-27 12:00:00,28.391975658881307
2026-01-27 13:00:00,28.38835964678521
2026-01-27 14:00:00,28.285210941740402
2026-01-27 15:00:00,28.11581658265548
2026-01-27 16:00:00,28.35218103987498
2026-01-27 17:00:00,27.715191018263052
2026-01-27 18:00:00,28.137179903256445
2026-01-27 19:00:00,28.05592229757655
2026-01-27 20:00:00,28.501016723975432
2026-01-27 21:00:00,28.17002191286528
2026-01-27 22:00:00,28.28056805890845
2026-01-27 23:00:00,28.17240078531709
2026-01-28 00:00:00,28.07043692278167
2026-01-28 01:00:00,27.812344190665694
2026-01-28 02:00:00,27.709937497942907
2026-01-28 03:00:00,27.543103952332338
2026-01-28 04:00:00,27.38931148009792
2026-01-28 05:00:00,27.45325465477351
2026-01-28 06:00:00,27.584811641696064
2026-01-28 07:00:00,27.364539544297934
2026-01-28 08:00:00,27.177797790680312
2026-01-28 09:00:00,27.61644145535701
2026-01-28 10:00:00,27.426721610528897
2026-01-28 11:00:00,27.711853444292995
2026-01-28 12:00:00,27.29578141800094
2026-01-28 13:00:00,27.23138955046372
2026-01-28 14:00:00,26.785905085796706
2026-01-28 15:00:00,26.487696600025274
2026-01-28 16:00:00,26.40673604381707
2026-01-28 17:00:00,26.569196421089664
2026-01-28 18:00:00,26.377400323309832
2026-01-28 19:00:00,26.35062941217121
2026-01-28 20:00:00,26.24229760677067
2026-01-28 21:00:00,26.25424848901786
2026-01-28 22:00:00,26.234139145566395
2026-01-28 23:00:00,26.07292044308772
2026-01-29 00:00:00,25.91573092904141
2026-01-29 01:00:00,25.574469842378075
2026-01-29 02:00:00,25.209080652856837
2026-01-29 03:00:00,25.185905173205562
2026-01-29 04:00:00,25.170820770473107
2026-01-29 05:00:00,25.100759006262255
2026-01-29 06:00:00,25.120075362861066
2026-01-29 07:00:00,25.111188425303048
2026-01-29 08:00:00,25.040108781322395
2026-01-29 09:00:00,24.98282655414853
2026-01-29 10:00:00,24.88412351256428
2026-01-29 11:00:00,24.834252136298904
2026-01-29 12:00:00,24.79072451198483
2026-01-29 13:00:00,24.752698627258063
2026-01-29 14:00:00,24.844614751959885
2026-01-29 15:00:00,24.800995159576004
2026-01-29 16:00:00,24.774952284025062
2026-01-29 17:00:00,24.806669495731096
2026-01-29 18:00:00,24.77949758185108
2026-01-29 19:00:00,24.729771602432685
2026-01-29 20:00:00,24.705047065156243
2026-01-29 21:00:00,24.713314818306543
2026-01-29 22:00:00,24.711059558095467
2026-01-29 23:00:00,24.714474262547867
2026-01-30 00:00:00,24.67328064155869
2026-01-30 01:00:00,24.65737362058002
2026-01-30 02:00:00,24.638357691647027
2026-01-30 03:00:00,24.628072660241866
2026-01-30 04:00:00,24.585996812161763
2026-01-30 05:00:00,24.57750113578433
2026-01-30 06:00:00,24.792329944731414
2026-01-30 07:00:00,24.571381247450578
2026-01-30 08:00:00,24.64061155831484
2026-01-30 09:00:00,24.649323648680067
2026-01-30 10:00:00,24.517046435993482
2026-01-30 11:00:00,24.252595767214515
2026-01-30 12:00:00,24.397658850932693
2026-01-30 13:00:00,24.51519443330454
2026-01-30 14:00:00,24.316803952451345
2026-01-30 15:00:00,24.23255756808742
2026-01-30 16:00:00,24.182337116937326
2026-01-30 17:00:00,24.158264471102083
2026-01-30 18:00:00,23.70168002597016
2026-01-30 19:00:00,23.590099665074998
2026-01-30 20:00:00,24.0127152476578
2026-01-30 21:00:00,23.819768354323358
2026-01-30 22:00:00,23.80256675322431
2026-01-30 23:00:00,23.789808724760768
2026-01-31 00:00:00,23.800269512940613
2026-01-31 01:00:00,23.650267090947548
2026-01-31 02:00:00,23.621403845581145
2026-01-31 03:00:00,23.649176235112336
2026-01-31 04:00:00,23.704715300286395
2026-01-31 05:00:00,23.653393743635057
2026-01-31 06:00:00,23.829236654873817
2026-01-31 07:00:00,23.96529705510466
2026-01-31 08:00:00,24.38102543463176
2026-01-31 09:00:00,24.184630446775934
2026-01-31 10:00:00,24.07148744219075
2026-01-31 11:00:00,24.152813316229928
2026-01-31 12:00:00,24.277035262844638
2026-01-31 13:00:00,24.466842180009007
2026-01-31 14:00:00,25.84182097733651
2026-01-31 15:00:00,25.918289544883525
2026-01-31 16:00:00,26.56090939198765
2026-01-31 17:00:00,27.94418833539635
2026-01-31 18:00:00,28.057786994493195
2026-01-31 19:00:00,27.900621777208617
2026-01-31 20:00:00,27.74739259991665
2026-01-31 21:00:00,27.260669596324448
2026-01-31 22:00:00,27.303977353174403
2026-01-31 23:00:00,26.679945336739287
2026-02-01 00:00:00,26.412352467212536
2026-02-01 01:00:00,26.40528586397933
2026-02-01 02:00:00,26.193810183383835
2026-02-01 03:00:00,26.192019502689767
2026-02-01 04:00:00,26.125362455340913
2026-02-01 05:00:00,26.22508802596146
2026-02-01 06:00:00,26.241765007808908
2026-02-01 07:00:00,26.077060452090524
2026-02-01 08:00:00,25.969477326416946
2026-02-01 09:00:00,25.76518287741619
2026-02-01 10:00:00,26.376224121971013
2026-02-01 11:00:00,25.838733934221032
2026-02-01 12:00:00,25.983463733192128
2026-02-01 13:00:00,26.057726617830873
2026-02-01 14:00:00,26.226418999219998
2026-02-01 15:00:00,26.828294434207113
2026-02-01 16:00:00,26.784334559994655
2026-02-01 17:00:00,26.57612252628109
2026-02-01 18:00:00,26.05016946413316
2026-02-01 19:00:00,26.48205197423491
2026-02-01 20:00:00,26.361033277727465
2026-02-01 21:00:00,26.605339459636454
2026-02-01 22:00:00,26.08501186930569
2026-02-01 23:00:00,26.37938803564625
2026-02-02 00:00:00,25.77148506360864
2026-02-02 01:00:00,25.641615957262776
2026-02-02 02:00:00,26.086329708615306
2026-02-02 03:00:00,26.256300886646542
2026-02-02 04:00:00,26.337267020771463
2026-02-02 05:00:00,27.052209473648595
2026-02-02 06:00:00,26.146050337911078
2026-02-02 07:00:00,25.926705865827117
2026-02-02 08:00:00,25.53021574023893
2026-02-02 09:00:00,25.0114711717037
2026-02-02 10:00:00,24.997153992750803
2026-02-02 11:00:00,24.88445308723061
2026-02-02 12:00:00,24.41688977309377
2026-02-02 13:00:00,24.230342507519207
2026-02-02 14:00:00,24.07859017417734
2026-02-02 15:00:00,23.757628650437436
2026-02-02 16:00:00,23.609755150467915
2026-02-02 17:00:00,23.557410760108827
2026-02-02 18:00:00,23.516495334566653
2026-02-02 19:00:00,23.56684710482201
2026-02-02 20:00:00,23.574257954807806
2026-02-02 21:00:00,23.394332863750698
2026-02-02 22:00:00,23.309004335101474
2026-02-02 23:00:00,23.267107832984067
2026-02-03 00:00:00,23.202334135949716
2026-02-03 01:00:00,23.113395626013084
2026-02-03 02:00:00,23.25203387648388
2026-02-03 03:00:00,23.049359183616136
2026-02-03 04:00:00,22.96959438214634
2026-02-03 05:00:00,22.932556247906604
2026-02-03 06:00:00,22.864775064437524
2026-02-03 07:00:00,22.813933439291816
2026-02-03 08:00:00,22.766419811009154
2026-02-03 09:00:00,22.751145684140567
2026-02-03 10:00:00,22.730209979607462
2026-02-03 11:00:00,22.667807814090008
2026-02-03 12:00:00,22.592650019600757
2026-02-03 13:00:00,22.505373933173132
2026-02-03 14:00:00,22.443303355686645
2026-02-03 15:00:00,22.41337836958988
2026-02-03 16:00:00,21.9289782096173
2026-02-03 17:00:00,21.489306594246784
2026-02-03 18:00:00,21.385242830749316
2026-02-03 19:00:00,21.260344834788498
2026-02-03 20:00:00,21.08116015422106
2026-02-03 21:00:00,21.0713044556668
2026-02-03 22:00:00,21.235289243644477
2026-02-03 23:00:00,21.282460806854903
2026-02-04 00:00:00,21.1639895527757
2026-02-04 01:00:00,20.908168256399073
2026-02-04 02:00:00,21.020507915849493
2026-02-04 03:00:00,20.66535665245903
2026-02-04 04:00:00,20.735208202718077
2026-02-04 05:00:00,20.862829242057476
2026-02-04 06:00:00,20.61610277212744
2026-02-04 07:00:00,20.53356335220958
2026-02-04 08:00:00,20.427114371906253
2026-02-04 09:00:00,20.615075177624792
2026-02-04 10:00:00,20.583287335190633
2026-02-04 11:00:00,20.672550473638903
2026-02-04 12:00:00,20.634822475750052
2026-02-04 13:00:00,21.14162923328484
2026-02-04 14:00:00,21.497590843989503
2026-02-04 15:00:00,21.549481305216208
2026-02-04 16:00:00,21.72208979300284
2026-02-04 17:00:00,21.85619677629698
2026-02-04 18:00:00,21.50808806578731
2026-02-04 19:00:00,20.850081776799414
2026-02-04 20:00:00,21.127531887558245
2026-02-04 21:00:00,21.615332042353646
2026-02-04 22:00:00,21.8086284619374
2026-02-04 23:00:00,21.40426363646101
2026-02-05 00:00:00,21.44327322700602
2026-02-05 01:00:00,21.452246640707973
2026-02-05 02:00:00,21.776234673551265
2026-02-05 03:00:00,21.852791333119384
2026-02-05 04:00:00,21.849970010186695
2026-02-05 05:00:00,21.799339051486925
2026-02-05 06:00:00,22.041632141132276
2026-02-05 07:00:00,21.94702428014949
2026-02-05 08:00:00,21.672038240088852
2026-02-05 09:00:00,21.490011159117604
2026-02-05 10:00:00,22.219950392923273
2026-02-05 11:00:00,22.408277240009532
2026-02-05 12:00:00,22.526168609265522
2026-02-05 13:00:00,22.526168609265522
2026-02-05 14:00:00,22.526168609265522
2026-02-05 15:00:00,22.526168609265522
2026-02-05 16:00:00,22.526168609265522
2026-02-05 17:00:00,22.526168609265522
2026-02-05 18:00:00,22.526168609265522
2026-02-05 19:00:00,22.526168609265522
2026-02-05 20:00:00,22.526168609265522
2026-02-05 21:00:00,22.526168609265522
2026-02-05 22:00:00,22.526168609265522
2026-02-05 23:00:00,22.526168609265522
2026-02-06 00:00:00,22.526168609265522
2026-02-06 01:00:00,22.526168609265522
2026-02-06 02:00:00,22.526168609265522
2026-02-06 03:00:00,22.526168609265522
2026-02-06 04:00:00,22.526168609265522
2026-02-06 05:00:00,22.526168609265522
2026-02-06 06:00:00,22.526168609265522
2026-02-06 07:00:00,22.526168609265522
2026-02-06 08:00:00,22.526168609265522
2026-02-06 09:00:00,22.526168609265522
2026-02-06 10:00:00,22.526168609265522
2026-02-06 11:00:00,22.526168609265522
2026-02-06 12:00:00,22.526168609265522
2026-02-06 13:00:00,22.526168609265522
2026-02-06 14:00:00,22.526168609265522
2026-02-06 15:00:00,22.526168609265522
2026-02-06 16:00:00,22.526168609265522
2026-02-06 17:00:00,22.526168609265522
2026-02-06 18:00:00,22.526168609265522
2026-02-06 19:00:00,22.526168609265522
2026-02-06 20:00:00,22.526168609265522
2026-02-06 21:00:00,22.526168609265522
2026-02-06 22:00:00,22.526168609265522
2026-02-06 23:00:00,22.526168609265522
2026-02-07 00:00:00,22.526168609265522
2026-02-07 01:00:00,22.526168609265522
2026-02-07 02:00:00,22.526168609265522
2026-02-07 03:00:00,22.526168609265522
2026-02-07 04:00:00,22.526168609265522
2026-02-07 05:00:00,22.526168609265522
2026-02-07 06:00:00,22.526168609265522
2026-02-07 07:00:00,22.526168609265522
2026-02-07 08:00:00,22.526168609265522
2026-02-07 09:00:00,22.526168609265522
2026-02-07 10:00:00,22.526168609265522
2026-02-07 11:00:00,22.526168609265522
2026-02-07 12:00:00,22.526168609265522
2026-02-07 13:00:00,22.526168609265522
2026-02-07 14:00:00,22.526168609265522
2026-02-07 15:00:00,22.526168609265522
2026-02-07 16:00:00,22.526168609265522
2026-02-07 17:00:00,22.526168609265522
2026-02-07 18:00:00,22.526168609265522
2026-02-07 19:00:00,22.526168609265522
2026-02-07 20:00:00,22.526168609265522
2026-02-07 21:00:00,22.526168609265522
2026-02-07 22:00:00,22.526168609265522
2026-02-07 23:00:00,22.526168609265522
2026-02-08 00:00:00,22.526168609265522
2026-02-08 01:00:00,22.526168609265522
2026-02-08 02:00:00,22.526168609265522
2026-02-08 03:00:00,22.526168609265522
2026-02-08 04:00:00,22.526168609265522
2026-02-08 05:00:00,22.526168609265522
2026-02-08 06:00:00,22.526168609265522
2026-02-08 07:00:00,22.526168609265522
2026-02-08 08:00:00,22.526168609265522
2026-02-08 09:00:00,22.526168609265522
2026-02-08 10:00:00,22.526168609265522
2026-02-08 11:00:00,22.526168609265522
2026-02-08 12:00:00,22.526168609265522
2026-02-08 13:00:00,22.526168609265522
2026-02-08 14:00:00,22.526168609265522
2026-02-08 15:00:00,22.526168609265522
2026-02-08 16:00:00,22.526168609265522
2026-02-08 17:00:00,22.526168609265522
2026-02-08 18:00:00,22.526168609265522
2026-02-08 19:00:00,22.526168609265522
2026-02-08 20:00:00,22.526168609265522
2026-02-08 21:00:00,22.526168609265522
2026-02-08 22:00:00,22.526168609265522
2026-02-08 23:00:00,22.526168609265522
2026-02-09 00:00:00,22.526168609265522
2026-02-09 01:00:00,22.526168609265522
2026-02-09 02:00:00,22.526168609265522
2026-02-09 03:00:00,22.526168609265522
2026-02-09 04:00:00,22.526168609265522
2026-02-09 05:00:00,22.526168609265522
2026-02-09 06:00:00,22.526168609265522
2026-02-09 07:00:00,22.526168609265522
2026-02-09 08:00:00,22.526168609265522
2026-02-09 09:00:00,22.526168609265522
2026-02-09 10:00:00,22.526168609265522
2026-02-09 11:00:00,22.526168609265522
2026-02-09 12:00:00,22.526168609265522
2026-02-09 13:00:00,22.526168609265522
2026-02-09 14:00:00,22.526168609265522
2026-02-09 15:00:00,22.526168609265522
2026-02-09 16:00:00,22.526168609265522
2026-02-09 17:00:00,22.526168609265522
2026-02-09 18:00:00,22.526168609265522
2026-02-09 19:00:00,22.526168609265522
2026-02-09 20:00:00,22.526168609265522
2026-02-09 21:00:00,22.526168609265522
2026-02-09 22:00:00,22.526168609265522
2026-02-09 23:00:00,22.526168609265522
2026-02-10 00:00:00,22.526168609265522
2026-02-10 01:00:00,22.526168609265522
2026-02-10 02:00:00,22.526168609265522
2026-02-10 03:00:00,22.526168609265522
2026-02-10 04:00:00,22.526168609265522
2026-02-10 05:00:00,22.526168609265522
2026-02-10 06:00:00,22.526168609265522
2026-02-10 07:00:00,22.526168609265522
2026-02-10 08:00:00,22.526168609265522
2026-02-10 09:00:00,22.526168609265522
2026-02-10 10:00:00,22.526168609265522
2026-02-10 11:00:00,22.526168609265522
2026-02-10 12:00:00,22.526168609265522
2026-02-10 13:00:00,22.526168609265522
2026-02-10 14:00:00,22.526168609265522
2026-02-10 15:00:00,22.526168609265522
2026-02-10 16:00:00,22.526168609265522
2026-02-10 17:00:00,22.526168609265522
2026-02-10 18:00:00,22.526168609265522
2026-02-10 19:00:00,22.526168609265522
2026-02-10 20:00:00,22.526168609265522
2026-02-10 21:00:00,22.526168609265522
2026-02-10 22:00:00,22.526168609265522
2026-02-10 23:00:00,22.526168609265522
2026-02-11 00:00:00,22.526168609265522
2026-02-11 01:00:00,22.526168609265522
2026-02-11 02:00:00,22.526168609265522
2026-02-11 03:00:00,22.526168609265522
2026-02-11 04:00:00,22.526168609265522
2026-02-11 05:00:00,22.526168609265522
2026-02-11 06:00:00,22.526168609265522
2026-02-11 07:00:00,22.526168609265522
2026-02-11 08:00:00,22.526168609265522
2026-02-11 09:00:00,22.526168609265522
2026-02-11 10:00:00,22.526168609265522
2026-02-11 11:00:00,22.526168609265522
2026-02-11 12:00:00,22.526168609265522
2026-02-11 13:00:00,22.526168609265522
2026-02-11 14:00:00,22.526168609265522
2026-02-11 15:00:00,22.526168609265522
2026-02-11 16:00:00,22.526168609265522
2026-02-11 17:00:00,22.526168609265522
2026-02-11 18:00:00,22.526168609265522
2026-02-11 19:00:00,22.526168609265522
2026-02-11 20:00:00,22.526168609265522
2026-02-11 21:00:00,22.526168609265522
2026-02-11 22:00:00,22.526168609265522
2026-02-11 23:00:00,22.526168609265522
2026-02-12 00:00:00,22.526168609265522
2026-02-12 01:00:00,22.526168609265522
2026-02-12 02:00:00,22.526168609265522
2026-02-12 03:00:00,22.526168609265522
2026-02-12 04:00:00,22.526168609265522
2026-02-12 05:00:00,22.526168609265522
2026-02-12 06:00:00,22.526168609265522
2026-02-12 07:00:00,22.526168609265522
2026-02-12 08:00:00,22.526168609265522
2026-02-12 09:00:00,22.526168609265522
2026-02-12 10:00:00,22.526168609265522
2026-02-12 11:00:00,22.526168609265522
2026-02-12 12:00:00,22.526168609265522
2026-02-12 13:00:00,22.526168609265522
2026-02-12 14:00:00,22.526168609265522
2026-02-12 15:00:00,22.526168609265522
2026-02-12 16:00:00,22.526168609265522
2026-02-12 17:00:00,22.526168609265522
2026-02-12 18:00:00,22.526168609265522
2026-02-12 19:00:00,22.526168609265522
2026-02-12 20:00:00,22.526168609265522
2026-02-12 21:00:00,22.526168609265522
2026-02-12 22:00:00,22.526168609265522
2026-02-12 23:00:00,22.526168609265522
2026-02-13 00:00:00,22.526168609265522
2026-02-13 01:00:00,22.526168609265522
2026-02-13 02:00:00,22.526168609265522
2026-02-13 03:00:00,22.526168609265522
2026-02-13 04:00:00,22.526168609265522
2026-02-13 05:00:00,22.526168609265522
2026-02-13 06:00:00,22.526168609265522
2026-02-13 07:00:00,22.526168609265522
2026-02-13 08:00:00,22.526168609265522
2026-02-13 09:00:00,22.526168609265522
2026-02-13 10:00:00,22.526168609265522
2026-02-13 11:00:00,22.526168609265522
2026-02-13 12:00:00,22.526168609265522
2026-02-13 13:00:00,22.526168609265522
2026-02-13 14:00:00,22.526168609265522
2026-02-13 15:00:00,22.526168609265522
2026-02-13 16:00:00,22.526168609265522
2026-02-13 17:00:00,22.526168609265522
2026-02-13 18:00:00,22.526168609265522
2026-02-13 19:00:00,22.526168609265522
2026-02-13 20:00:00,22.526168609265522
2026-02-13 21:00:00,22.526168609265522
2026-02-13 22:00:00,22.526168609265522
2026-02-13 23:00:00,22.526168609265522
2026-02-14 00:00:00,22.526168609265522
2026-02-14 01:00:00,22.526168609265522
2026-02-14 02:00:00,22.526168609265522
2026-02-14 03:00:00,22.526168609265522
2026-02-14 04:00:00,22.526168609265522
2026-02-14 05:00:00,22.526168609265522
2026-02-14 06:00:00,22.526168609265522
2026-02-14 07:00:00,22.526168609265522
2026-02-14 08:00:00,22.526168609265522
2026-02-14 09:00:00,22.526168609265522
2026-02-14 10:00:00,22.526168609265522
2026-02-14 11:00:00,22.526168609265522
2026-02-14 12:00:00,22.526168609265522
2026-02-14 13:00:00,22.526168609265522
2026-02-14 14:00:00,22.526168609265522
2026-02-14 15:00:00,22.526168609265522
2026-02-14 16:00:00,22.526168609265522
2026-02-14 17:00:00,22.526168609265522
2026-02-14 18:00:00,22.526168609265522
2026-02-14 19:00:00,22.526168609265522
2026-02-14 20:00:00,22.526168609265522
2026-02-14 21:00:00,22.526168609265522
2026-02-14 22:00:00,22.526168609265522
2026-02-14 23:00:00,22.526168609265522
2026-02-15 00:00:00,22.526168609265522
2026-02-15 01:00:00,22.526168609265522
2026-02-15 02:00:00,22.526168609265522
2026-02-15 03:00:00,22.526168609265522
2026-02-15 04:00:00,22.526168609265522
2026-02-15 05:00:00,22.526168609265522
2026-02-15 06:00:00,22.526168609265522
2026-02-15 07:00:00,22.526168609265522
2026-02-15 08:00:00,22.526168609265522
2026-02-15 09:00:00,22.526168609265522
2026-02-15 10:00:00,22.526168609265522
2026-02-15 11:00:00,22.526168609265522
2026-02-15 12:00:00,22.526168609265522
2026-02-15 13:00:00,22.526168609265522
2026-02-15 14:00:00,22.526168609265522
2026-02-15 15:00:00,22.526168609265522
2026-02-15 16:00:00,22.526168609265522
2026-02-15 17:00:00,22.526168609265522
2026-02-15 18:00:00,22.526168609265522
2026-02-15 19:00:00,22.526168609265522
2026-02-15 20:00:00,22.526168609265522
2026-02-15 21:00:00,22.526168609265522
2026-02-15 22:00:00,22.526168609265522
2026-02-15 23:00:00,22.526168609265522
2026-02-16 00:00:00,22.526168609265522
2026-02-16 01:00:00,22.526168609265522
2026-02-16 02:00:00,22.526168609265522
2026-02-16 03:00:00,22.526168609265522
2026-02-16 04:00:00,22.526168609265522
2026-02-16 05:00:00,22.526168609265522
2026-02-16 06:00:00,22.526168609265522
2026-02-16 07:00:00,22.526168609265522
2026-02-16 08:00:00,22.526168609265522
2026-02-16 09:00:00,22.526168609265522
2026-02-16 10:00:00,22.526168609265522
2026-02-16 11:00:00,22.526168609265522
2026-02-16 12:00:00,22.526168609265522
2026-02-16 13:00:00,22.526168609265522
2026-02-16 14:00:00,22.526168609265522
2026-02-16 15:00:00,22.526168609265522
2026-02-16 16:00:00,22.526168609265522
2026-02-16 17:00:00,22.526168609265522
2026-02-16 18:00:00,22.526168609265522
2026-02-16 19:00:00,22.526168609265522
2026-02-16 20:00:00,22.526168609265522
2026-02-16 21:00:00,22.526168609265522
2026-02-16 22:00:00,22.526168609265522
2026-02-16 23:00:00,22.526168609265522
2026-02-17 00:00:00,22.526168609265522
2026-02-17 01:00:00,22.526168609265522
2026-02-17 02:00:00,22.526168609265522
2026-02-17 03:00:00,22.526168609265522
2026-02-17 04:00:00,22.526168609265522
2026-02-17 05:00:00,22.526168609265522
2026-02-17 06:00:00,22.526168609265522
2026-02-17 07:00:00,22.526168609265522
2026-02-17 08:00:00,22.526168609265522
2026-02-17 09:00:00,22.526168609265522
2026-02-17 10:00:00,22.526168609265522
2026-02-17 11:00:00,22.526168609265522
2026-02-17 12:00:00,22.526168609265522
2026-02-17 13:00:00,22.526168609265522
2026-02-17 14:00:00,22.526168609265522
2026-02-17 15:00:00,22.526168609265522
2026-02-17 16:00:00,22.526168609265522
2026-02-17 17:00:00,22.526168609265522
2026-02-17 18:00:00,22.526168609265522
2026-02-17 19:00:00,22.526168609265522
2026-02-17 20:00:00,22.526168609265522
2026-02-17 21:00:00,22.526168609265522
2026-02-17 22:00:00,22.526168609265522
2026-02-17 23:00:00,22.526168609265522
2026-02-18 00:00:00,22.526168609265522
2026-02-18 01:00:00,22.526168609265522
2026-02-18 02:00:00,22.526168609265522
2026-02-18 03:00:00,22.526168609265522
2026-02-18 04:00:00,22.526168609265522
2026-02-18 05:00:00,22.526168609265522
2026-02-18 06:00:00,22.526168609265522
2026-02-18 07:00:00,22.526168609265522
2026-02-18 08:00:00,22.526168609265522
2026-02-18 09:00:00,22.526168609265522
2026-02-18 10:00:00,22.526168609265522
2026-02-18 11:00:00,22.526168609265522
2026-02-18 12:00:00,22.526168609265522
2026-02-18 13:00:00,22.526168609265522
2026-02-18 14:00:00,22.526168609265522
2026-02-18 15:00:00,22.526168609265522
2026-02-18 16:00:00,22.526168609265522
2026-02-18 17:00:00,22.526168609265522
2026-02-18 18:00:00,22.526168609265522
2026-02-18 19:00:00,22.526168609265522
2026-02-18 20:00:00,22.526168609265522
2026-02-18 21:00:00,22.526168609265522
2026-02-18 22:00:00,22.526168609265522
2026-02-18 23:00:00,22.526168609265522
2026-02-19 00:00:00,22.526168609265522
2026-02-19 01:00:00,22.526168609265522
2026-02-19 02:00:00,22.526168609265522
2026-02-19 03:00:00,22.526168609265522
2026-02-19 04:00:00,22.526168609265522
2026-02-19 05:00:00,22.526168609265522
2026-02-19 06:00:00,22.526168609265522
2026-02-19 07:00:00,22.526168609265522
2026-02-19 08:00:00,22.526168609265522
2026-02-19 09:00:00,22.526168609265522
2026-02-19 10:00:00,22.526168609265522
2026-02-19 11:00:00,22.526168609265522
2026-02-19 12:00:00,22.526168609265522
2026-02-19 13:00:00,22.526168609265522
2026-02-19 14:00:00,22.526168609265522
2026-02-19 15:00:00,22.526168609265522
2026-02-19 16:00:00,22.526168609265522
2026-02-19 17:00:00,22.526168609265522
2026-02-19 18:00:00,22.526168609265522
2026-02-19 19:00:00,22.526168609265522
2026-02-19 20:00:00,22.526168609265522
2026-02-19 21:00:00,22.526168609265522
2026-02-19 22:00:00,22.526168609265522
2026-02-19 23:00:00,22.526168609265522
2026-02-20 00:00:00,22.526168609265522
2026-02-20 01:00:00,22.526168609265522
2026-02-20 02:00:00,22.526168609265522
2026-02-20 03:00:00,22.526168609265522
2026-02-20 04:00:00,22.526168609265522
2026-02-20 05:00:00,22.526168609265522
2026-02-20 06:00:00,22.526168609265522
2026-02-20 07:00:00,22.526168609265522
2026-02-20 08:00:00,22.526168609265522
2026-02-20 09:00:00,22.526168609265522
2026-02-20 10:00:00,22.526168609265522
2026-02-20 11:00:00,22.526168609265522
2026-02-20 12:00:00,22.526168609265522
2026-02-20 13:00:00,22.526168609265522
2026-02-20 14:00:00,22.526168609265522
2026-02-20 15:00:00,22.526168609265522
2026-02-20 16:00:00,22.526168609265522
2026-02-20 17:00:00,22.526168609265522
2026-02-20 18:00:00,22.526168609265522
2026-02-20 19:00:00,22.526168609265522
2026-02-20 20:00:00,22.526168609265522
2026-02-20 21:00:00,22.526168609265522
2026-02-20 22:00:00,22.526168609265522
2026-02-20 23:00:00,22.526168609265522
2026-02-21 00:00:00,22.526168609265522
2026-02-21 01:00:00,22.526168609265522
2026-02-21 02:00:00,22.526168609265522
2026-02-21 03:00:00,22.526168609265522
2026-02-21 04:00:00,22.526168609265522
2026-02-21 05:00:00,22.526168609265522
2026-02-21 06:00:00,22.526168609265522
2026-02-21 07:00:00,22.526168609265522
2026-02-21 08:00:00,22.526168609265522
2026-02-21 09:00:00,22.526168609265522
2026-02-21 10:00:00,22.526168609265522
2026-02-21 11:00:00,22.526168609265522
2026-02-21 12:00:00,22.526168609265522
2026-02-21 13:00:00,22.526168609265522
2026-02-21 14:00:00,22.526168609265522
2026-02-21 15:00:00,22.526168609265522
2026-02-21 16:00:00,22.526168609265522
2026-02-21 17:00:00,22.526168609265522
2026-02-21 18:00:00,22.526168609265522
2026-02-21 19:00:00,22.526168609265522
2026-02-21 20:00:00,22.526168609265522
2026-02-21 21:00:00,22.526168609265522
2026-02-21 22:00:00,22.526168609265522
2026-02-21 23:00:00,22.526168609265522
2026-02-22 00:00:00,22.526168609265522
2026-02-22 01:00:00,22.526168609265522
2026-02-22 02:00:00,22.526168609265522
2026-02-22 03:00:00,22.526168609265522
2026-02-22 04:00:00,22.526168609265522
2026-02-22 05:00:00,22.526168609265522
2026-02-22 06:00:00,22.526168609265522
2026-02-22 07:00:00,22.526168609265522
2026-02-22 08:00:00,22.526168609265522
2026-02-22 09:00:00,22.526168609265522
2026-02-22 10:00:00,22.526168609265522
2026-02-22 11:00:00,22.526168609265522
2026-02-22 12:00:00,22.526168609265522
2026-02-22 13:00:00,22.526168609265522
2026-02-22 14:00:00,22.526168609265522
2026-02-22 15:00:00,22.526168609265522
2026-02-22 16:00:00,22.526168609265522
2026-02-22 17:00:00,22.526168609265522
2026-02-22 18:00:00,22.526168609265522
2026-02-22 19:00:00,22.526168609265522
2026-02-22 20:00:00,22.526168609265522
2026-02-22 21:00:00,22.526168609265522
2026-02-22 22:00:00,22.526168609265522
2026-02-22 23:00:00,22.526168609265522
2026-02-23 00:00:00,22.526168609265522
2026-02-23 01:00:00,22.526168609265522
2026-02-23 02:00:00,22.526168609265522
2026-02-23 03:00:00,22.526168609265522
2026-02-23 04:00:00,22.526168609265522
2026-02-23 05:00:00,22.526168609265522
2026-02-23 06:00:00,22.526168609265522
2026-02-23 07:00:00,22.526168609265522
2026-02-23 08:00:00,22.526168609265522
2026-02-23 09:00:00,22.526168609265522
2026-02-23 10:00:00,22.526168609265522
2026-02-23 11:00:00,22.526168609265522
2026-02-23 12:00:00,22.526168609265522
2026-02-23 13:00:00,22.526168609265522
2026-02-23 14:00:00,22.526168609265522
2026-02-23 15:00:00,22.526168609265522
