ts,run_id,symbol,intent,side,qty,price,notional_usdt,fee_usdt,slippage_usdt,realized_pnl_usdt,realized_pnl_pct
2026-02-17T03:00:05.686047Z,20260217_03,ETH/USDT,CLOSE_LONG,sell,0.0012475962,1998.62,2.49347071724,0.00149608243035,0.00124673535862,2.49072789946,0
2026-02-17T03:00:05.686047Z,20260217_03,AAVE/USDT,CLOSE_LONG,sell,4.85e-07,0,0,0,0,0,0
2026-02-17T03:00:05.686047Z,20260217_03,SOL/USDT,CLOSE_LONG,sell,5.476e-07,87.29,4.7800004e-05,2.86800024e-08,2.3900002e-08,4.77474239956e-05,0
2026-02-17T03:00:05.686047Z,20260217_03,BNB/USDT,CLOSE_LONG,sell,3.9e-08,629.2,2.45388e-05,1.472328e-08,1.22694e-08,2.451180732e-05,0
2026-02-17T03:00:05.686047Z,20260217_03,BTC/USDT,CLOSE_LONG,sell,2.22e-10,68836.1,1.52816142e-05,9.16896852e-09,7.6408071e-09,1.52648044244e-05,0
2026-02-17T03:00:05.686047Z,20260217_03,DOT/USDT,CLOSE_LONG,sell,7.42e-07,0,0,0,0,0,0
2026-02-17T03:00:05.686047Z,20260217_03,DOGE/USDT,CLOSE_LONG,sell,9.552e-07,0,0,0,0,0,0
2026-02-17T03:00:05.686047Z,20260217_03,TRX/USDT,CLOSE_LONG,sell,2.058e-07,0,0,0,0,0,0
2026-02-17T03:00:05.686047Z,20260217_03,USDG/USDT,CLOSE_LONG,sell,9.298e-09,0,0,0,0,0,0
