repository,change,path,runtime_revision,sha256
V5,M,.github/workflows/ci.yml,a56d40f269d9ee96931496014c39f6efe7984185,b68049415128bbe85908219559944d4c59016604d5738eac6c2a01ffa24e54d2
V5,M,configs/live_prod.yaml,a56d40f269d9ee96931496014c39f6efe7984185,4384f5a09288caa35838ab25eeedb108cbf614e24824666a2ed79fa14c5ba188
V5,A,configs/research/review_experiment_v1.json,a56d40f269d9ee96931496014c39f6efe7984185,af502ed2c381bf879418a6c9459f74469c1399d051c6d01f3919f83188816ec6
V5,M,configs/schema.py,a56d40f269d9ee96931496014c39f6efe7984185,8eba5da33b2433e79474e8d4f59c27a2ec5924c353c224c49d3c5ccd6d81a55a
V5,A,deploy/locks/v5-production.txt,a56d40f269d9ee96931496014c39f6efe7984185,1902095648e30154c70c747ce6889a949c0897baea04aad9946f538e2d38f8e8
V5,A,deploy/systemd/v5-decision-reference.service,a56d40f269d9ee96931496014c39f6efe7984185,a6cd76fdaacd7773bff5448aa2c7d04cfd35df0578959485c1f8e90dbdcfb638
V5,A,deploy/systemd/v5-decision-reference.timer,a56d40f269d9ee96931496014c39f6efe7984185,dfffa55641182443a67dd1ce2485591f5af529c52f62a30fbaad57668efabbee
V5,A,deploy/systemd/v5-review-forward.service,a56d40f269d9ee96931496014c39f6efe7984185,9c18764e446a7790a9fb13b15060d9dfb84abe87a4f8e12c24ae0bcd6231e402
V5,A,deploy/systemd/v5-review-forward.timer,a56d40f269d9ee96931496014c39f6efe7984185,ab21c5a6ffaa8b533cc71633185354eee0aa47b68f5f5499dd79c7e9a1137950
V5,A,docs/review-remediation-20260906.md,a56d40f269d9ee96931496014c39f6efe7984185,5fb464854a0e30c15380b9945e65330634ac5e8abe1cb973fb892436fac2d89d
V5,A,scripts/consume_decision_reference.py,a56d40f269d9ee96931496014c39f6efe7984185,b5fde8694c72d760da7c0b91bbbec3f1cdc995d7d36340fff6b5f202d520399b
V5,A,scripts/run_review_forward.py,a56d40f269d9ee96931496014c39f6efe7984185,c4bf982a5fe15883a60720a936f4d5d55960960df84bb2ff34e2bf238a172b6a
V5,A,scripts/verify_release_manifest.py,a56d40f269d9ee96931496014c39f6efe7984185,9422ce4999b275959ddf1c2a465510c69a6c3da4ce28d4e022a4db217d774c49
V5,M,src/alpha/alpha_engine.py,a56d40f269d9ee96931496014c39f6efe7984185,e51de670289dbfd1a43549255faba6fe247dfdb09d52925161e569e8b3449e7f
V5,M,src/alpha/ic_monitor.py,a56d40f269d9ee96931496014c39f6efe7984185,9694937c70126090e45e3adc21f88e226ef6deedde14df76f8d6349ca243eef8
V5,A,src/alpha/weight_evidence.py,a56d40f269d9ee96931496014c39f6efe7984185,5ec827d4c62c0632b6a8d034f021ce007c5acd271a8d531ee56d2957244a8e6f
V5,M,src/core/pipeline.py,a56d40f269d9ee96931496014c39f6efe7984185,883432e79d9c17b1bf8e1b88c96625c7edc3d537f72af8b2041d8ac2369dc525
V5,M,src/quant_lab_client/cost_gate.py,a56d40f269d9ee96931496014c39f6efe7984185,dc3823181330ecaf13d624616305741c11559bf402234f2a03b18d66c918db02
V5,M,src/quant_lab_client/guard.py,a56d40f269d9ee96931496014c39f6efe7984185,a0f25a6f6b3cdb4b0e8399cd1dbdee9e318b1db5e4a8237507a06acad8f544d0
V5,A,src/quant_lab_client/reference_consumer.py,a56d40f269d9ee96931496014c39f6efe7984185,3ba376c5bf416fe745f1e0fa47a7712e6e4682f10c64d2a8d0b06855df60db07
V5,A,src/quant_lab_client/return_contract.py,a56d40f269d9ee96931496014c39f6efe7984185,93d23c5b149c0e26adc7dc21cdb8ed9a2e99332f11a2f6704f44935784e5e6e4
V5,M,src/reporting/cost_probe_plan.py,a56d40f269d9ee96931496014c39f6efe7984185,ce70c532590d969701f189f3868d9a8ad7e9cae78d8361e289628323689a0596
V5,A,src/research/original_v5_adapter.py,a56d40f269d9ee96931496014c39f6efe7984185,ec22a243f4746f3820afbd5a0054d3a0526da40c644ebc218cb931b87dedea17
V5,A,src/research/participation_comparison.py,a56d40f269d9ee96931496014c39f6efe7984185,38d3b278aa34317fe070b3230727ff4883ad379d0400d9320996fc52429dcdf7
V5,A,src/research/quote_portfolio.py,a56d40f269d9ee96931496014c39f6efe7984185,a2d07e52f355d8704315c3b3b979e90ada8cef00184ef47befeb95eefa27c519
V5,A,src/research/review_comparison.py,a56d40f269d9ee96931496014c39f6efe7984185,5b40f264f4546fb59820e726176e3b1064b41466ff150f79a7c5cc04d1d55d6a
V5,A,src/research/review_forward.py,a56d40f269d9ee96931496014c39f6efe7984185,e21bd332d730f568764cfd2027149d81f0b9424615a5743218d420df9ec794ab
V5,M,src/strategy/multi_strategy_system.py,a56d40f269d9ee96931496014c39f6efe7984185,e1842cce17d7cadeaadadf86551a0b99f1890d36d264dc45ac9791b08aba387c
V5,M,tests/test_alpha_config_mapping.py,a56d40f269d9ee96931496014c39f6efe7984185,22b2251823631477e3e3a1ec4048f863e09340f0a67cd0b6664bc8eb6610633e
V5,M,tests/test_cost_probe_live_once.py,a56d40f269d9ee96931496014c39f6efe7984185,b74c929eaf741608ae23f07a601fd5900f6f25be57d8b0597f472e1675cee85c
V5,M,tests/test_cost_probe_plan.py,a56d40f269d9ee96931496014c39f6efe7984185,12c77536b39979f5b2bc703f08cc121fa5a155e7b9b67d9ba171dcd9cd3e0380
V5,A,tests/test_decision_reference_consumer.py,a56d40f269d9ee96931496014c39f6efe7984185,f373f771935ac5989b3f32c0719a181ada59ff094be84abc431e86136aec12e3
V5,M,tests/test_event_driven_check.py,a56d40f269d9ee96931496014c39f6efe7984185,e1a5a475881766717a86847e6184e24da65b63a29cc3038dc62235ff96538e17
V5,A,tests/test_original_v5_adapter.py,a56d40f269d9ee96931496014c39f6efe7984185,a65eb0cfc7192787542a15820eff643c93adce9734794fa7a55f4cf59e4eb10c
V5,A,tests/test_participation_comparison.py,a56d40f269d9ee96931496014c39f6efe7984185,4b84c9c92f4c01ad086ac7b0d66dca98179e3efb68ff6f96da941b0fd79c8377
V5,M,tests/test_quant_lab_cost_gate.py,a56d40f269d9ee96931496014c39f6efe7984185,4d4761155215119acff852054c72279ff384964edcdb0533f1d1252646080635
V5,M,tests/test_quant_lab_guard.py,a56d40f269d9ee96931496014c39f6efe7984185,306079380d58d506843a1f6c0de0b904668e3248c10af349083cc83449932250
V5,M,tests/test_quant_lab_guard_modes.py,a56d40f269d9ee96931496014c39f6efe7984185,18bcb41de063500bfa9cbc6ae03f1a40f2ac842b25ec682e08711ad9f804b0d1
V5,A,tests/test_quote_portfolio.py,a56d40f269d9ee96931496014c39f6efe7984185,4904e1735d0159d4bf1054b25ff0bd8ebec6a98408a4c35eafd1925dbcc13624
V5,A,tests/test_release_manifest.py,a56d40f269d9ee96931496014c39f6efe7984185,a830d9ca10100c021927df0e589c1b2ee9e3e01db5583473eb9c7bcb0a18ab99
V5,A,tests/test_return_contract_ingress.py,a56d40f269d9ee96931496014c39f6efe7984185,b268989856ad858de81ee27ce0cd060c42babdd507adf0a82d63a82173bc74d9
V5,A,tests/test_review_comparison.py,a56d40f269d9ee96931496014c39f6efe7984185,fdc39bb7e73854b1c35eda127807ffea23bd7f6a1c56fd5a72df1b36e236fade
V5,A,tests/test_weight_evidence.py,a56d40f269d9ee96931496014c39f6efe7984185,86e64c1f030c999eed416278059c4bb915e5f705ccb5a17b426bb91c54b83ba3
quant-lab,M,README.md,0907243e0c2685bbb3554dbc724e03f1a17bd566,45f716ef4ba9e52242a00dc32f2d317a240305a6d36da6713753253c3e58c9fd
quant-lab,M,deploy/decision/Dockerfile,0907243e0c2685bbb3554dbc724e03f1a17bd566,be65310888e6112fc47079a69c4a59296f5b3e24d2c096658c1f481c51b6828c
quant-lab,A,deploy/locks/api-production.txt,0907243e0c2685bbb3554dbc724e03f1a17bd566,b833a0bed99c3ef79edea3eb4f2d820a61562a0410c851c85bd23bafb96a3bbf
quant-lab,A,deploy/locks/nas-worker.txt,0907243e0c2685bbb3554dbc724e03f1a17bd566,4959a682df5192a390ee31fae3139b07166bca56aaed2b120456434f916b615a
quant-lab,M,docs/decision-workbench.md,0907243e0c2685bbb3554dbc724e03f1a17bd566,acaed97ab4debf352a927f4024fc52a5c28535a2f1290abe6c69a474440978e9
quant-lab,A,scripts/verify_release_manifest.py,0907243e0c2685bbb3554dbc724e03f1a17bd566,8c0160da76c435c29ef8e428ec270916faca76e8c86b3a863d86c1289a9ab398
quant-lab,M,src/quant_lab/decision/api.py,0907243e0c2685bbb3554dbc724e03f1a17bd566,bb00447c164ea778a3ac89306226acf1ddad24d8e8b42264e97ddeb3e31541e4
quant-lab,M,src/quant_lab/decision/assets/workbench.js,0907243e0c2685bbb3554dbc724e03f1a17bd566,cd6b5f2f544afe50fcd62709d359d8916d84af9d67b346366dc6f2733ace298a
quant-lab,A,src/quant_lab/decision/contracts_v2.py,0907243e0c2685bbb3554dbc724e03f1a17bd566,7b93dc49748c5bcbb90f9e20bba6f7f194eeeb911f853e66a6098f50c4bf0e0e
quant-lab,M,src/quant_lab/decision/engine.py,0907243e0c2685bbb3554dbc724e03f1a17bd566,c32f8fcaf3456543d780480fdf07f3c77aff12adbc7691d3de24ccc25627f016
quant-lab,M,src/quant_lab/decision/ledger.py,0907243e0c2685bbb3554dbc724e03f1a17bd566,c6745aea0b8681369bda5a8aeb5ff67a35f3f58e650ce55b1f51e76c8eea541f
quant-lab,M,src/quant_lab/decision/storage.py,0907243e0c2685bbb3554dbc724e03f1a17bd566,724c83c2f96b3ac4abb4c056ed0fb2b010ea29ccc4db5af6b09b245839a30e12
quant-lab,M,src/quant_lab/decision/worker.py,0907243e0c2685bbb3554dbc724e03f1a17bd566,33e61797cc688847c16c924ab85294208ed00ca33b372bc3bdad49ad9a7d22a8
quant-lab,A,tests/fixtures/decision_v1/signed-result.json,0907243e0c2685bbb3554dbc724e03f1a17bd566,176d075bf0ed4b5a07df052ebf86cafe11a86e6b82ef4820e85f3b029afaa6ec
quant-lab,A,tests/fixtures/decision_v1/worker.pub,0907243e0c2685bbb3554dbc724e03f1a17bd566,bd9866fbe43ccd1c406060c4910f418a7419c2c8c5fafd9ce037e09bc8ceb5ca
quant-lab,M,tests/test_current_decision_inputs.py,0907243e0c2685bbb3554dbc724e03f1a17bd566,7ce9141a64b911537d75e20e071f1d950fd54815b6041b941d7c5d45161ed533
quant-lab,M,tests/test_decision_operations.py,0907243e0c2685bbb3554dbc724e03f1a17bd566,ead48b570353ae65d11ae9b5982be77c00401ad879fdf8bdd54047631d26e208
quant-lab,M,tests/test_decision_pipeline.py,0907243e0c2685bbb3554dbc724e03f1a17bd566,1749bfe0ebb0fcb9205193b63d89b4b6e27fd87025bd5827c144fe4e7b8aa0b4
